draw_number,draw_date,day_of_week,ball_1,ball_2,ball_3,ball_4,ball_5,ball_6,bonus_ball,star_1,star_2
830,2015-09-01 00:00:00,Tuesday,12,13,25,26,39,4,12,4,12
831,2015-09-04 00:00:00,Friday,6,9,17,47,49,7,9,7,9
832,2015-09-08 00:00:00,Tuesday,6,35,40,44,45,4,8,4,8
833,2015-09-11 00:00:00,Friday,14,27,38,40,47,6,7,6,7
834,2015-09-15 00:00:00,Tuesday,10,14,30,43,44,3,10,3,10
835,2015-09-18 00:00:00,Friday,6,22,34,44,46,2,8,2,8
836,2015-09-22 00:00:00,Tuesday,3,18,21,26,36,1,7,1,7
837,2015-09-25 00:00:00,Friday,6,14,24,30,35,4,9,4,9
838,2015-09-29 00:00:00,Tuesday,4,9,23,30,39,3,4,3,4
839,2015-10-02 00:00:00,Friday,12,29,33,39,48,3,11,3,11
840,2015-10-06 00:00:00,Tuesday,2,3,8,11,31,7,11,7,11
841,2015-10-09 00:00:00,Friday,6,10,20,28,41,1,10,1,10
842,2015-10-13 00:00:00,Tuesday,9,22,25,26,34,1,4,1,4
843,2015-10-16 00:00:00,Friday,14,17,29,35,41,3,7,3,7
844,2015-10-20 00:00:00,Tuesday,4,9,23,31,45,10,12,10,12
845,2015-10-23 00:00:00,Friday,10,27,39,48,50,2,12,2,12
846,2015-10-27 00:00:00,Tuesday,8,10,12,19,27,3,4,3,4
847,2015-10-30 00:00:00,Friday,15,21,32,36,50,2,5,2,5
848,2015-11-03 00:00:00,Tuesday,5,12,24,33,44,1,5,1,5
849,2015-11-06 00:00:00,Friday,4,14,22,25,38,6,7,6,7
850,2015-11-10 00:00:00,Tuesday,24,25,26,27,35,2,3,2,3
851,2015-11-13 00:00:00,Friday,3,24,26,47,50,4,8,4,8
852,2015-11-17 00:00:00,Tuesday,7,15,20,42,47,6,12,6,12
853,2015-11-20 00:00:00,Friday,14,16,44,46,49,5,7,5,7
854,2015-11-24 00:00:00,Tuesday,6,17,27,29,49,2,9,2,9
855,2015-11-27 00:00:00,Friday,19,21,31,35,44,3,5,3,5
856,2015-12-01 00:00:00,Tuesday,19,27,28,40,43,3,5,3,5
857,2015-12-04 00:00:00,Friday,25,39,40,43,44,8,12,8,12
858,2015-12-08 00:00:00,Tuesday,1,13,22,23,25,6,11,6,11
859,2015-12-11 00:00:00,Friday,11,13,19,43,45,5,11,5,11
860,2015-12-15 00:00:00,Tuesday,27,43,46,48,49,4,7,4,7
861,2015-12-18 00:00:00,Friday,1,8,23,26,43,9,12,9,12
862,2015-12-22 00:00:00,Tuesday,1,13,20,34,44,3,12,3,12
863,2015-12-25 00:00:00,Friday,14,17,29,33,48,7,12,7,12
864,2015-12-29 00:00:00,Tuesday,30,34,36,40,41,10,11,10,11
865,2016-01-01 00:00:00,Friday,2,13,19,48,50,2,5,2,5
866,2016-01-05 00:00:00,Tuesday,3,4,5,27,38,5,6,5,6
867,2016-01-08 00:00:00,Friday,36,37,38,41,46,4,5,4,5
868,2016-01-12 00:00:00,Tuesday,7,12,17,26,49,6,8,6,8
869,2016-01-15 00:00:00,Friday,9,25,27,29,45,3,9,3,9
870,2016-01-19 00:00:00,Tuesday,14,17,18,24,30,7,10,7,10
871,2016-01-22 00:00:00,Friday,12,31,37,41,43,2,3,2,3
872,2016-01-26 00:00:00,Tuesday,1,16,30,34,35,2,6,2,6
873,2016-01-29 00:00:00,Friday,5,22,32,42,47,1,10,1,10
874,2016-02-02 00:00:00,Tuesday,1,18,35,41,44,6,10,6,10
875,2016-02-05 00:00:00,Friday,9,11,17,27,38,1,7,1,7
876,2016-02-09 00:00:00,Tuesday,3,4,15,22,33,5,9,5,9
877,2016-02-12 00:00:00,Friday,4,11,29,45,50,4,7,4,7
878,2016-02-16 00:00:00,Tuesday,8,11,13,18,32,5,11,5,11
879,2016-02-19 00:00:00,Friday,5,13,24,36,50,3,9,3,9
880,2016-02-23 00:00:00,Tuesday,6,23,35,42,45,11,12,11,12
881,2016-02-26 00:00:00,Friday,8,9,10,35,47,1,2,1,2
882,2016-03-01 00:00:00,Tuesday,11,25,33,42,49,4,6,4,6
883,2016-03-04 00:00:00,Friday,11,22,39,40,49,1,6,1,6
884,2016-03-08 00:00:00,Tuesday,12,13,20,28,41,2,12,2,12
885,2016-03-11 00:00:00,Friday,10,32,34,42,47,1,4,1,4
886,2016-03-15 00:00:00,Tuesday,7,16,25,37,44,8,10,8,10
887,2016-03-18 00:00:00,Friday,6,11,24,29,50,5,6,5,6
888,2016-03-22 00:00:00,Tuesday,2,3,20,26,38,3,12,3,12
889,2016-03-25 00:00:00,Friday,1,8,19,32,36,2,7,2,7
890,2016-03-29 00:00:00,Tuesday,3,11,23,39,44,6,12,6,12
891,2016-04-01 00:00:00,Friday,3,18,21,25,43,4,10,4,10
892,2016-04-05 00:00:00,Tuesday,2,10,36,44,45,5,7,5,7
893,2016-04-08 00:00:00,Friday,15,27,33,46,50,3,9,3,9
894,2016-04-12 00:00:00,Tuesday,4,14,16,27,42,3,5,3,5
895,2016-04-15 00:00:00,Friday,1,2,7,28,37,3,4,3,4
896,2016-04-19 00:00:00,Tuesday,4,12,17,20,41,3,10,3,10
897,2016-04-22 00:00:00,Friday,1,10,28,42,49,1,9,1,9
898,2016-04-26 00:00:00,Tuesday,5,11,26,29,38,4,6,4,6
899,2016-04-29 00:00:00,Friday,6,9,28,31,40,6,9,6,9
900,2016-05-03 00:00:00,Tuesday,11,15,32,37,47,2,4,2,4
901,2016-05-06 00:00:00,Friday,9,12,13,28,40,4,8,4,8
902,2016-05-10 00:00:00,Tuesday,11,12,17,42,44,9,11,9,11
903,2016-05-13 00:00:00,Friday,5,16,33,34,35,4,11,4,11
904,2016-05-17 00:00:00,Tuesday,26,27,34,36,46,2,4,2,4
905,2016-05-20 00:00:00,Friday,17,21,22,37,50,4,8,4,8
906,2016-05-24 00:00:00,Tuesday,2,3,7,28,41,1,6,1,6
907,2016-05-27 00:00:00,Friday,4,12,13,19,43,5,11,5,11
908,2016-05-31 00:00:00,Tuesday,1,17,19,34,37,4,6,4,6
909,2016-06-03 00:00:00,Friday,8,10,11,23,25,5,12,5,12
910,2016-06-07 00:00:00,Tuesday,4,13,17,29,34,1,6,1,6
911,2016-06-10 00:00:00,Friday,6,10,15,25,39,1,6,1,6
912,2016-06-14 00:00:00,Tuesday,10,16,21,25,35,1,2,1,2
913,2016-06-17 00:00:00,Friday,2,12,14,15,22,5,10,5,10
914,2016-06-21 00:00:00,Tuesday,1,5,28,42,49,2,11,2,11
915,2016-06-24 00:00:00,Friday,6,24,28,45,47,7,8,7,8
916,2016-06-28 00:00:00,Tuesday,17,25,36,42,50,6,12,6,12
917,2016-07-01 00:00:00,Friday,5,8,16,18,34,1,4,1,4
918,2016-07-05 00:00:00,Tuesday,7,18,20,21,40,10,12,10,12
919,2016-07-08 00:00:00,Friday,14,16,29,34,43,1,10,1,10
920,2016-07-12 00:00:00,Tuesday,5,17,25,48,50,1,2,1,2
921,2016-07-15 00:00:00,Friday,19,29,32,46,49,6,7,6,7
922,2016-07-19 00:00:00,Tuesday,16,33,35,39,45,2,5,2,5
923,2016-07-22 00:00:00,Friday,5,14,26,38,50,5,8,5,8
924,2016-07-26 00:00:00,Tuesday,6,22,32,39,48,1,12,1,12
925,2016-07-29 00:00:00,Friday,4,6,9,37,41,4,7,4,7
926,2016-08-02 00:00:00,Tuesday,2,8,28,38,43,4,6,4,6
927,2016-08-05 00:00:00,Friday,1,7,14,41,43,5,7,5,7
928,2016-08-09 00:00:00,Tuesday,9,12,19,45,50,3,7,3,7
929,2016-08-12 00:00:00,Friday,7,12,20,27,49,7,11,7,11
930,2016-08-16 00:00:00,Tuesday,5,7,18,20,34,3,5,3,5
931,2016-08-19 00:00:00,Friday,3,8,18,47,49,10,12,10,12
932,2016-08-23 00:00:00,Tuesday,5,9,17,26,31,5,10,5,10
933,2016-08-26 00:00:00,Friday,14,20,31,33,50,5,8,5,8
934,2016-08-30 00:00:00,Tuesday,12,17,30,33,41,3,5,3,5
935,2016-09-02 00:00:00,Friday,9,13,15,22,33,6,10,6,10
936,2016-09-06 00:00:00,Tuesday,5,15,34,36,39,3,7,3,7
937,2016-09-09 00:00:00,Friday,1,22,26,37,47,2,10,2,10
938,2016-09-13 00:00:00,Tuesday,1,6,7,28,30,1,2,1,2
939,2016-09-16 00:00:00,Friday,6,13,16,20,50,2,4,2,4
940,2016-09-20 00:00:00,Tuesday,10,17,20,46,47,3,9,3,9
941,2016-09-23 00:00:00,Friday,6,13,40,42,44,2,6,2,6
942,2016-09-27 00:00:00,Tuesday,2,14,20,22,26,1,9,1,9
943,2016-09-30 00:00:00,Friday,17,29,31,35,42,6,10,6,10
944,2016-10-04 00:00:00,Tuesday,3,9,14,23,45,6,9,6,9
945,2016-10-07 00:00:00,Friday,14,15,34,41,44,7,10,7,10
946,2016-10-11 00:00:00,Tuesday,11,23,31,39,46,3,9,3,9
947,2016-10-14 00:00:00,Friday,2,20,34,35,47,1,10,1,10
948,2016-10-18 00:00:00,Tuesday,9,10,23,28,38,1,2,1,2
949,2016-10-21 00:00:00,Friday,19,21,35,36,44,3,6,3,6
950,2016-10-25 00:00:00,Tuesday,7,22,36,45,50,9,12,9,12
951,2016-10-28 00:00:00,Friday,3,19,22,28,43,4,11,4,11
952,2016-11-01 00:00:00,Tuesday,3,6,11,12,41,7,8,7,8
953,2016-11-04 00:00:00,Friday,24,25,28,35,38,7,11,7,11
954,2016-11-08 00:00:00,Tuesday,7,14,17,23,50,2,3,2,3
955,2016-11-11 00:00:00,Friday,1,7,17,24,44,6,7,6,7
956,2016-11-15 00:00:00,Tuesday,8,16,38,39,43,5,12,5,12
957,2016-11-18 00:00:00,Friday,9,19,27,43,45,1,11,1,11
958,2016-11-22 00:00:00,Tuesday,10,17,33,35,36,4,7,4,7
959,2016-11-25 00:00:00,Friday,9,17,20,34,36,7,12,7,12
960,2016-11-29 00:00:00,Tuesday,2,6,15,23,32,8,11,8,11
961,2016-12-02 00:00:00,Friday,5,16,20,32,50,1,9,1,9
962,2016-12-06 00:00:00,Tuesday,5,9,23,30,36,3,11,3,11
963,2016-12-09 00:00:00,Friday,3,23,35,48,50,1,2,1,2
964,2016-12-13 00:00:00,Tuesday,1,14,29,47,48,4,11,4,11
965,2016-12-16 00:00:00,Friday,30,32,34,41,49,1,12,1,12
966,2016-12-20 00:00:00,Tuesday,3,14,15,39,47,3,11,3,11
967,2016-12-23 00:00:00,Friday,9,12,28,30,36,5,10,5,10
968,2016-12-27 00:00:00,Tuesday,2,3,20,47,50,1,11,1,11
969,2016-12-30 00:00:00,Friday,3,16,26,37,44,6,8,6,8
970,2017-01-03 00:00:00,Tuesday,9,19,23,37,49,3,12,3,12
971,2017-01-06 00:00:00,Friday,3,22,24,37,45,4,9,4,9
972,2017-01-10 00:00:00,Tuesday,12,17,27,43,44,5,9,5,9
973,2017-01-13 00:00:00,Friday,6,25,27,31,46,5,12,5,12
974,2017-01-17 00:00:00,Tuesday,1,20,31,36,39,1,3,1,3
975,2017-01-20 00:00:00,Friday,12,15,17,44,45,1,12,1,12
976,2017-01-24 00:00:00,Tuesday,11,15,17,20,34,6,7,6,7
977,2017-01-27 00:00:00,Friday,11,17,23,24,26,1,3,1,3
978,2017-01-31 00:00:00,Tuesday,10,18,30,36,48,8,11,8,11
979,2017-02-03 00:00:00,Friday,12,21,37,41,47,3,10,3,10
980,2017-02-07 00:00:00,Tuesday,4,26,33,36,43,3,10,3,10
981,2017-02-10 00:00:00,Friday,8,14,30,33,45,6,7,6,7
982,2017-02-14 00:00:00,Tuesday,21,22,28,35,50,2,4,2,4
983,2017-02-17 00:00:00,Friday,6,15,16,41,49,3,7,3,7
984,2017-02-21 00:00:00,Tuesday,15,16,22,27,46,2,3,2,3
985,2017-02-24 00:00:00,Friday,4,6,31,41,47,4,7,4,7
986,2017-02-28 00:00:00,Tuesday,17,22,29,33,47,1,3,1,3
987,2017-03-03 00:00:00,Friday,28,36,39,41,42,7,11,7,11
988,2017-03-07 00:00:00,Tuesday,11,18,21,40,48,3,8,3,8
989,2017-03-10 00:00:00,Friday,9,24,31,37,45,8,12,8,12
990,2017-03-14 00:00:00,Tuesday,12,30,32,34,44,10,12,10,12
991,2017-03-17 00:00:00,Friday,20,29,30,35,40,2,8,2,8
992,2017-03-21 00:00:00,Tuesday,3,8,13,30,44,6,8,6,8
993,2017-03-24 00:00:00,Friday,1,4,21,25,28,4,12,4,12
994,2017-03-28 00:00:00,Tuesday,8,9,28,35,36,1,2,1,2
995,2017-03-31 00:00:00,Friday,9,13,15,38,48,1,5,1,5
996,2017-04-04 00:00:00,Tuesday,3,4,23,46,50,1,4,1,4
997,2017-04-07 00:00:00,Friday,13,14,15,34,39,1,3,1,3
998,2017-04-11 00:00:00,Tuesday,17,23,24,30,31,6,12,6,12
999,2017-04-14 00:00:00,Friday,2,16,19,29,42,2,3,2,3
1000,2017-04-18 00:00:00,Tuesday,3,14,19,26,38,6,12,6,12
1001,2017-04-21 00:00:00,Friday,12,22,31,44,46,5,11,5,11
1002,2017-04-25 00:00:00,Tuesday,1,2,31,32,42,5,9,5,9
1003,2017-04-28 00:00:00,Friday,2,6,7,22,39,6,7,6,7
1004,2017-05-02 00:00:00,Tuesday,1,12,24,45,46,6,12,6,12
1005,2017-05-05 00:00:00,Friday,18,21,22,38,44,5,12,5,12
1006,2017-05-09 00:00:00,Tuesday,11,15,25,39,43,5,9,5,9
1007,2017-05-12 00:00:00,Friday,5,6,31,43,44,2,4,2,4
1008,2017-05-16 00:00:00,Tuesday,15,16,21,23,25,1,3,1,3
1009,2017-05-19 00:00:00,Friday,11,17,26,36,42,1,6,1,6
1010,2017-05-23 00:00:00,Tuesday,13,18,21,25,32,3,12,3,12
1011,2017-05-26 00:00:00,Friday,2,11,38,43,46,1,11,1,11
1012,2017-05-30 00:00:00,Tuesday,3,10,20,23,31,1,3,1,3
1013,2017-06-02 00:00:00,Friday,9,19,23,38,42,4,5,4,5
1014,2017-06-06 00:00:00,Tuesday,4,16,17,21,28,2,10,2,10
1015,2017-06-09 00:00:00,Friday,1,6,12,36,41,10,11,10,11
1016,2017-06-13 00:00:00,Tuesday,13,21,24,25,32,3,10,3,10
1017,2017-06-16 00:00:00,Friday,14,15,28,33,50,5,8,5,8
1018,2017-06-20 00:00:00,Tuesday,13,15,27,29,49,5,9,5,9
1019,2017-06-23 00:00:00,Friday,3,14,22,30,46,4,12,4,12
1020,2017-06-27 00:00:00,Tuesday,3,7,12,36,46,1,4,1,4
1021,2017-06-30 00:00:00,Friday,1,5,6,18,28,1,3,1,3
1022,2017-07-04 00:00:00,Tuesday,2,5,6,8,16,5,12,5,12
1023,2017-07-07 00:00:00,Friday,12,24,25,29,50,1,10,1,10
1024,2017-07-11 00:00:00,Tuesday,12,13,28,31,33,6,8,6,8
1025,2017-07-14 00:00:00,Friday,5,12,20,23,45,5,11,5,11
1026,2017-07-18 00:00:00,Tuesday,3,14,39,41,43,1,4,1,4
1027,2017-07-21 00:00:00,Friday,21,33,36,42,48,4,10,4,10
1028,2017-07-25 00:00:00,Tuesday,8,18,27,30,36,4,12,4,12
1029,2017-07-28 00:00:00,Friday,3,8,11,31,49,3,4,3,4
1030,2017-08-01 00:00:00,Tuesday,5,9,11,28,41,5,10,5,10
1031,2017-08-04 00:00:00,Friday,6,14,16,34,50,1,9,1,9
1032,2017-08-08 00:00:00,Tuesday,29,30,39,40,44,5,10,5,10
1033,2017-08-11 00:00:00,Friday,17,29,34,37,48,3,9,3,9
1034,2017-08-15 00:00:00,Tuesday,23,30,35,48,50,4,8,4,8
1035,2017-08-18 00:00:00,Friday,5,7,9,33,39,2,11,2,11
1036,2017-08-22 00:00:00,Tuesday,9,11,16,34,39,9,10,9,10
1037,2017-08-25 00:00:00,Friday,2,19,27,43,49,5,7,5,7
1038,2017-08-29 00:00:00,Tuesday,4,12,24,39,43,2,10,2,10
1039,2017-09-01 00:00:00,Friday,13,17,33,48,49,3,6,3,6
1040,2017-09-05 00:00:00,Tuesday,10,23,31,41,50,8,10,8,10
1041,2017-09-08 00:00:00,Friday,11,16,22,24,44,4,11,4,11
1042,2017-09-12 00:00:00,Tuesday,15,18,33,38,40,2,8,2,8
1043,2017-09-15 00:00:00,Friday,9,18,31,37,45,5,11,5,11
1044,2017-09-19 00:00:00,Tuesday,12,14,20,30,40,1,9,1,9
1045,2017-09-22 00:00:00,Friday,1,2,18,24,30,3,7,3,7
1046,2017-09-26 00:00:00,Tuesday,6,18,35,36,40,3,7,3,7
1047,2017-09-29 00:00:00,Friday,12,33,37,39,49,6,9,6,9
1048,2017-10-03 00:00:00,Tuesday,2,7,10,13,33,2,8,2,8
1049,2017-10-06 00:00:00,Friday,20,28,33,39,43,7,10,7,10
1050,2017-10-10 00:00:00,Tuesday,1,32,34,40,48,2,8,2,8
1051,2017-10-13 00:00:00,Friday,16,23,24,38,39,2,6,2,6
1052,2017-10-17 00:00:00,Tuesday,2,8,42,44,45,3,4,3,4
1053,2017-10-20 00:00:00,Friday,14,15,19,37,46,8,10,8,10
1054,2017-10-24 00:00:00,Tuesday,3,14,20,25,43,5,8,5,8
1055,2017-10-27 00:00:00,Friday,4,12,14,38,47,2,12,2,12
1056,2017-10-31 00:00:00,Tuesday,12,25,28,35,45,3,10,3,10
1057,2017-11-03 00:00:00,Friday,7,14,20,28,37,2,12,2,12
1058,2017-11-07 00:00:00,Tuesday,10,15,22,32,33,2,12,2,12
1059,2017-11-10 00:00:00,Friday,16,19,26,31,33,4,9,4,9
1060,2017-11-14 00:00:00,Tuesday,22,28,38,39,47,3,6,3,6
1061,2017-11-17 00:00:00,Friday,9,10,15,29,48,7,8,7,8
1062,2017-11-21 00:00:00,Tuesday,17,24,25,31,45,2,6,2,6
1063,2017-11-24 00:00:00,Friday,3,14,32,33,40,9,11,9,11
1064,2017-11-28 00:00:00,Tuesday,2,28,29,35,44,1,9,1,9
1065,2017-12-01 00:00:00,Friday,6,14,29,38,44,7,11,7,11
1066,2017-12-05 00:00:00,Tuesday,2,5,13,15,31,4,9,4,9
1067,2017-12-08 00:00:00,Friday,9,11,15,25,42,6,7,6,7
1068,2017-12-12 00:00:00,Tuesday,23,42,43,45,48,2,10,2,10
1069,2017-12-15 00:00:00,Friday,3,31,37,41,50,4,7,4,7
1070,2017-12-19 00:00:00,Tuesday,1,9,26,36,48,6,9,6,9
1071,2017-12-22 00:00:00,Friday,8,13,18,21,24,4,8,4,8
1072,2017-12-26 00:00:00,Tuesday,19,24,26,30,40,3,11,3,11
1073,2017-12-29 00:00:00,Friday,2,3,5,33,38,6,9,6,9
1074,2018-01-02 00:00:00,Tuesday,3,19,30,33,48,1,8,1,8
1075,2018-01-05 00:00:00,Friday,11,12,19,25,41,1,6,1,6
1076,2018-01-09 00:00:00,Tuesday,13,18,31,37,43,10,12,10,12
1077,2018-01-12 00:00:00,Friday,3,13,26,38,47,2,10,2,10
1078,2018-01-16 00:00:00,Tuesday,10,11,14,32,34,8,12,8,12
1079,2018-01-19 00:00:00,Friday,8,22,29,31,33,10,12,10,12
1080,2018-01-23 00:00:00,Tuesday,4,10,40,48,49,3,9,3,9
1081,2018-01-26 00:00:00,Friday,9,15,17,26,47,3,11,3,11
1082,2018-01-30 00:00:00,Tuesday,2,17,18,23,31,4,7,4,7
1083,2018-02-02 00:00:00,Friday,7,20,29,34,37,8,11,8,11
1084,2018-02-06 00:00:00,Tuesday,4,15,24,44,47,3,11,3,11
1085,2018-02-09 00:00:00,Friday,1,9,21,28,45,1,9,1,9
1086,2018-02-13 00:00:00,Tuesday,22,25,28,34,50,6,12,6,12
1087,2018-02-16 00:00:00,Friday,5,15,23,47,50,3,10,3,10
1088,2018-02-20 00:00:00,Tuesday,3,7,10,40,49,6,9,6,9
1089,2018-02-23 00:00:00,Friday,3,19,21,26,45,3,5,3,5
1090,2018-02-27 00:00:00,Tuesday,4,5,16,43,47,2,5,2,5
1091,2018-03-02 00:00:00,Friday,6,28,34,35,40,2,5,2,5
1092,2018-03-06 00:00:00,Tuesday,7,10,15,30,33,3,12,3,12
1093,2018-03-09 00:00:00,Friday,7,21,24,33,44,5,7,5,7
1094,2018-03-13 00:00:00,Tuesday,5,14,32,38,49,3,12,3,12
1095,2018-03-16 00:00:00,Friday,23,35,38,42,46,5,8,5,8
1096,2018-03-20 00:00:00,Tuesday,1,8,11,39,41,1,10,1,10
1097,2018-03-23 00:00:00,Friday,5,15,23,29,33,4,9,4,9
1098,2018-03-27 00:00:00,Tuesday,25,38,41,46,48,3,8,3,8
1099,2018-03-30 00:00:00,Friday,13,20,22,32,39,2,8,2,8
1100,2018-04-03 00:00:00,Tuesday,1,4,22,26,38,4,5,4,5
1101,2018-04-06 00:00:00,Friday,6,9,20,38,47,1,2,1,2
1102,2018-04-10 00:00:00,Tuesday,12,13,21,22,37,4,7,4,7
1103,2018-04-13 00:00:00,Friday,3,4,12,14,38,1,12,1,12
1104,2018-04-17 00:00:00,Tuesday,2,17,21,28,29,6,12,6,12
1105,2018-04-20 00:00:00,Friday,13,15,27,35,50,4,10,4,10
1106,2018-04-24 00:00:00,Tuesday,7,15,18,22,43,1,12,1,12
1107,2018-04-27 00:00:00,Friday,5,6,39,44,48,1,10,1,10
1108,2018-05-01 00:00:00,Tuesday,12,15,26,35,43,2,10,2,10
1109,2018-05-04 00:00:00,Friday,16,23,29,39,46,7,10,7,10
1110,2018-05-08 00:00:00,Tuesday,9,13,17,26,29,5,7,5,7
1111,2018-05-11 00:00:00,Friday,17,23,30,32,50,10,12,10,12
1112,2018-05-15 00:00:00,Tuesday,15,32,34,45,47,9,11,9,11
1113,2018-05-18 00:00:00,Friday,9,14,24,38,47,7,9,7,9
1114,2018-05-22 00:00:00,Tuesday,17,19,29,34,43,5,12,5,12
1115,2018-05-25 00:00:00,Friday,12,13,17,19,23,2,5,2,5
1116,2018-05-29 00:00:00,Tuesday,4,19,28,38,44,4,8,4,8
1117,2018-06-01 00:00:00,Friday,7,8,12,26,30,8,10,8,10
1118,2018-06-05 00:00:00,Tuesday,2,4,15,32,36,9,10,9,10
1119,2018-06-08 00:00:00,Friday,3,7,14,39,44,1,6,1,6
1120,2018-06-12 00:00:00,Tuesday,15,20,32,34,38,4,11,4,11
1121,2018-06-15 00:00:00,Friday,17,22,26,38,45,2,12,2,12
1122,2018-06-19 00:00:00,Tuesday,8,12,14,30,36,4,11,4,11
1123,2018-06-22 00:00:00,Friday,1,10,35,36,41,4,9,4,9
1124,2018-06-26 00:00:00,Tuesday,10,12,19,23,46,1,6,1,6
1125,2018-06-29 00:00:00,Friday,5,8,13,17,22,6,9,6,9
1126,2018-07-03 00:00:00,Tuesday,13,19,21,26,41,5,7,5,7
1127,2018-07-06 00:00:00,Friday,6,18,26,35,37,2,11,2,11
1128,2018-07-10 00:00:00,Tuesday,1,22,32,36,40,2,6,2,6
1129,2018-07-13 00:00:00,Friday,9,12,23,28,30,2,7,2,7
1130,2018-07-17 00:00:00,Tuesday,12,21,25,29,31,7,10,7,10
1131,2018-07-20 00:00:00,Friday,8,13,17,31,38,2,10,2,10
1132,2018-07-24 00:00:00,Tuesday,10,11,19,32,43,8,9,8,9
1133,2018-07-27 00:00:00,Friday,1,8,20,25,39,1,12,1,12
1134,2018-07-31 00:00:00,Tuesday,1,4,5,28,38,5,7,5,7
1135,2018-08-03 00:00:00,Friday,8,21,25,39,43,9,11,9,11
1136,2018-08-07 00:00:00,Tuesday,8,10,14,28,29,3,11,3,11
1137,2018-08-10 00:00:00,Friday,1,3,4,17,31,1,2,1,2
1138,2018-08-14 00:00:00,Tuesday,3,5,12,26,37,4,6,4,6
1139,2018-08-17 00:00:00,Friday,15,23,42,43,45,5,9,5,9
1140,2018-08-21 00:00:00,Tuesday,8,17,34,38,46,1,12,1,12
1141,2018-08-24 00:00:00,Friday,9,22,23,41,43,1,10,1,10
1142,2018-08-28 00:00:00,Tuesday,29,31,35,38,44,3,8,3,8
1143,2018-08-31 00:00:00,Friday,4,7,8,18,26,2,3,2,3
1144,2018-09-04 00:00:00,Tuesday,13,26,30,48,50,6,12,6,12
1145,2018-09-07 00:00:00,Friday,2,11,16,20,37,7,12,7,12
1146,2018-09-11 00:00:00,Tuesday,4,8,36,39,45,9,10,9,10
1147,2018-09-14 00:00:00,Friday,1,21,38,39,41,1,3,1,3
1148,2018-09-18 00:00:00,Tuesday,12,19,20,24,49,2,6,2,6
1149,2018-09-21 00:00:00,Friday,7,9,25,43,45,5,12,5,12
1150,2018-09-25 00:00:00,Tuesday,13,18,32,36,44,9,12,9,12
1151,2018-09-28 00:00:00,Friday,1,9,10,27,36,5,6,5,6
1152,2018-10-02 00:00:00,Tuesday,2,12,26,36,44,7,9,7,9
1153,2018-10-05 00:00:00,Friday,8,9,13,25,26,5,7,5,7
1154,2018-10-09 00:00:00,Tuesday,7,27,34,37,44,4,6,4,6
1155,2018-10-12 00:00:00,Friday,1,7,15,19,26,11,12,11,12
1156,2018-10-16 00:00:00,Tuesday,16,26,31,39,40,7,9,7,9
1157,2018-10-19 00:00:00,Friday,2,14,20,33,34,1,12,1,12
1158,2018-10-23 00:00:00,Tuesday,3,8,12,33,42,1,6,1,6
1159,2018-10-26 00:00:00,Friday,14,17,21,47,50,4,7,4,7
1160,2018-10-30 00:00:00,Tuesday,4,14,30,42,50,3,12,3,12
1161,2018-11-02 00:00:00,Friday,7,13,28,32,46,4,6,4,6
1162,2018-11-06 00:00:00,Tuesday,24,27,28,33,42,3,4,3,4
1163,2018-11-09 00:00:00,Friday,2,9,19,32,45,5,11,5,11
1164,2018-11-13 00:00:00,Tuesday,7,16,17,38,43,1,11,1,11
1165,2018-11-16 00:00:00,Friday,16,26,36,47,48,2,8,2,8
1166,2018-11-20 00:00:00,Tuesday,8,10,13,30,34,4,9,4,9
1167,2018-11-23 00:00:00,Friday,5,14,25,29,37,6,12,6,12
1168,2018-11-27 00:00:00,Tuesday,6,8,11,22,30,1,6,1,6
1169,2018-11-30 00:00:00,Friday,15,22,29,47,48,7,11,7,11
1170,2018-12-04 00:00:00,Tuesday,8,16,25,27,29,5,9,5,9
1171,2018-12-07 00:00:00,Friday,5,9,39,43,47,3,6,3,6
1172,2018-12-11 00:00:00,Tuesday,21,40,42,45,49,1,6,1,6
1173,2018-12-14 00:00:00,Friday,5,10,16,22,34,1,4,1,4
1174,2018-12-18 00:00:00,Tuesday,3,18,31,39,43,3,7,3,7
1175,2018-12-21 00:00:00,Friday,13,28,31,37,42,5,11,5,11
1176,2018-12-25 00:00:00,Tuesday,5,19,42,43,49,1,2,1,2
1177,2018-12-28 00:00:00,Friday,14,29,37,47,50,10,12,10,12
1178,2019-01-01 00:00:00,Tuesday,2,21,25,42,47,1,7,1,7
1179,2019-01-04 00:00:00,Friday,3,20,24,46,49,7,8,7,8
1180,2019-01-08 00:00:00,Tuesday,1,14,17,22,27,3,5,3,5
1181,2019-01-11 00:00:00,Friday,9,13,24,26,40,7,11,7,11
1182,2019-01-15 00:00:00,Tuesday,5,21,28,31,44,3,8,3,8
1183,2019-01-18 00:00:00,Friday,12,23,24,31,35,1,12,1,12
1184,2019-01-22 00:00:00,Tuesday,3,10,37,43,48,4,6,4,6
1185,2019-01-25 00:00:00,Friday,5,8,20,23,26,2,5,2,5
1186,2019-01-29 00:00:00,Tuesday,3,10,17,18,40,5,8,5,8
1187,2019-02-01 00:00:00,Friday,8,29,38,40,50,4,5,4,5
1188,2019-02-05 00:00:00,Tuesday,1,9,26,35,45,11,12,11,12
1189,2019-02-08 00:00:00,Friday,4,8,11,23,32,1,4,1,4
1190,2019-02-12 00:00:00,Tuesday,1,12,31,34,38,5,11,5,11
1191,2019-02-15 00:00:00,Friday,4,6,36,42,49,2,6,2,6
1192,2019-02-19 00:00:00,Tuesday,11,14,21,36,46,3,5,3,5
1193,2019-02-22 00:00:00,Friday,7,17,29,38,47,1,10,1,10
1194,2019-02-26 00:00:00,Tuesday,4,10,13,33,34,2,6,2,6
1195,2019-03-01 00:00:00,Friday,3,6,16,43,45,1,7,1,7
1196,2019-03-05 00:00:00,Tuesday,2,8,22,25,35,2,8,2,8
1197,2019-03-08 00:00:00,Friday,4,7,20,30,32,4,11,4,11
1198,2019-03-12 00:00:00,Tuesday,10,13,15,23,35,1,5,1,5
1199,2019-03-15 00:00:00,Friday,12,15,34,41,45,8,10,8,10
1200,2019-03-19 00:00:00,Tuesday,2,31,33,42,43,2,11,2,11
1201,2019-03-22 00:00:00,Friday,14,23,36,37,49,4,6,4,6
1202,2019-03-26 00:00:00,Tuesday,13,27,28,46,48,1,2,1,2
1203,2019-03-29 00:00:00,Friday,6,12,22,24,33,9,12,9,12
1204,2019-04-02 00:00:00,Tuesday,20,24,35,43,49,10,11,10,11
1205,2019-04-05 00:00:00,Friday,1,11,15,39,43,1,11,1,11
1206,2019-04-09 00:00:00,Tuesday,13,16,23,38,44,9,11,9,11
1207,2019-04-12 00:00:00,Friday,7,13,36,39,42,7,8,7,8
1208,2019-04-16 00:00:00,Tuesday,17,19,22,32,33,7,8,7,8
1209,2019-04-19 00:00:00,Friday,17,22,35,38,44,4,12,4,12
1210,2019-04-23 00:00:00,Tuesday,4,17,28,40,48,5,8,5,8
1211,2019-04-26 00:00:00,Friday,1,9,26,29,49,4,8,4,8
1212,2019-04-30 00:00:00,Tuesday,15,27,32,36,44,5,9,5,9
1213,2019-05-03 00:00:00,Friday,17,24,26,28,46,3,6,3,6
1214,2019-05-07 00:00:00,Tuesday,10,13,25,35,36,8,10,8,10
1215,2019-05-10 00:00:00,Friday,8,10,29,34,45,3,9,3,9
1216,2019-05-14 00:00:00,Tuesday,4,7,19,29,39,7,10,7,10
1217,2019-05-17 00:00:00,Friday,26,36,42,46,48,8,9,8,9
1218,2019-05-21 00:00:00,Tuesday,8,12,32,37,41,2,5,2,5
1219,2019-05-24 00:00:00,Friday,10,21,36,38,49,5,6,5,6
1220,2019-05-28 00:00:00,Tuesday,2,14,16,42,46,3,7,3,7
1221,2019-05-31 00:00:00,Friday,16,21,23,29,37,9,10,9,10
1222,2019-06-04 00:00:00,Tuesday,5,8,12,27,40,6,7,6,7
1223,2019-06-07 00:00:00,Friday,1,9,19,22,28,1,4,1,4
1224,2019-06-11 00:00:00,Tuesday,2,13,18,19,21,3,9,3,9
1225,2019-06-14 00:00:00,Friday,8,12,24,32,38,3,8,3,8
1226,2019-06-18 00:00:00,Tuesday,8,12,25,26,36,2,3,2,3
1227,2019-06-21 00:00:00,Friday,5,6,10,32,44,8,9,8,9
1228,2019-06-25 00:00:00,Tuesday,17,19,34,46,49,9,12,9,12
1229,2019-06-28 00:00:00,Friday,13,24,27,28,38,2,3,2,3
1230,2019-07-02 00:00:00,Tuesday,8,30,34,37,49,4,9,4,9
1231,2019-07-05 00:00:00,Friday,15,20,23,31,39,3,11,3,11
1232,2019-07-09 00:00:00,Tuesday,15,19,34,49,50,8,12,8,12
1233,2019-07-12 00:00:00,Friday,3,8,16,18,21,2,7,2,7
1234,2019-07-16 00:00:00,Tuesday,11,25,41,44,46,2,4,2,4
1235,2019-07-19 00:00:00,Friday,17,27,30,35,45,1,11,1,11
1236,2019-07-23 00:00:00,Tuesday,6,10,14,31,36,2,3,2,3
1237,2019-07-26 00:00:00,Friday,9,14,17,34,39,5,11,5,11
1238,2019-07-30 00:00:00,Tuesday,4,21,31,40,47,5,9,5,9
1239,2019-08-02 00:00:00,Friday,10,21,30,32,42,3,11,3,11
1240,2019-08-06 00:00:00,Tuesday,12,18,28,37,49,2,11,2,11
1241,2019-08-09 00:00:00,Friday,7,32,35,41,44,3,4,3,4
1242,2019-08-13 00:00:00,Tuesday,19,32,34,35,47,5,9,5,9
1243,2019-08-16 00:00:00,Friday,3,16,27,32,40,4,12,4,12
1244,2019-08-20 00:00:00,Tuesday,2,16,36,48,49,1,12,1,12
1245,2019-08-23 00:00:00,Friday,2,7,13,27,29,8,10,8,10
1246,2019-08-27 00:00:00,Tuesday,5,6,7,29,42,10,12,10,12
1247,2019-08-30 00:00:00,Friday,18,20,32,35,50,6,7,6,7
1248,2019-09-03 00:00:00,Tuesday,17,27,36,40,44,5,8,5,8
1249,2019-09-06 00:00:00,Friday,3,4,19,36,44,7,10,7,10
1250,2019-09-10 00:00:00,Tuesday,6,30,38,41,46,9,10,9,10
1251,2019-09-13 00:00:00,Friday,1,9,14,35,46,10,12,10,12
1252,2019-09-17 00:00:00,Tuesday,5,15,27,35,45,2,10,2,10
1253,2019-09-20 00:00:00,Friday,8,22,23,31,37,3,11,3,11
1254,2019-09-24 00:00:00,Tuesday,1,6,10,24,49,2,10,2,10
1255,2019-09-27 00:00:00,Friday,24,25,38,41,45,9,12,9,12
1256,2019-10-01 00:00:00,Tuesday,19,23,34,39,43,4,8,4,8
1257,2019-10-04 00:00:00,Friday,3,20,26,43,50,2,3,2,3
1258,2019-10-08 00:00:00,Tuesday,10,12,41,44,45,1,7,1,7
1259,2019-10-11 00:00:00,Friday,4,6,19,35,41,7,8,7,8
1260,2019-10-15 00:00:00,Tuesday,7,15,42,43,45,2,12,2,12
1261,2019-10-18 00:00:00,Friday,5,25,34,39,45,4,6,4,6
1262,2019-10-22 00:00:00,Tuesday,8,13,23,33,44,5,6,5,6
1263,2019-10-25 00:00:00,Friday,11,12,28,37,46,3,10,3,10
1264,2019-10-29 00:00:00,Tuesday,28,36,43,46,49,1,11,1,11
1265,2019-11-01 00:00:00,Friday,3,7,14,22,27,4,5,4,5
1266,2019-11-05 00:00:00,Tuesday,4,8,15,17,42,5,8,5,8
1267,2019-11-08 00:00:00,Friday,3,6,7,11,28,3,10,3,10
1268,2019-11-12 00:00:00,Tuesday,1,2,29,36,38,2,12,2,12
1269,2019-11-15 00:00:00,Friday,1,24,26,37,43,1,10,1,10
1270,2019-11-19 00:00:00,Tuesday,12,15,17,26,44,1,2,1,2
1271,2019-11-22 00:00:00,Friday,1,24,40,41,50,2,3,2,3
1272,2019-11-26 00:00:00,Tuesday,16,21,27,30,31,4,11,4,11
1273,2019-11-29 00:00:00,Friday,5,12,30,31,44,11,12,11,12
1274,2019-12-03 00:00:00,Tuesday,3,4,20,44,49,3,10,3,10
1275,2019-12-06 00:00:00,Friday,5,15,17,23,37,7,9,7,9
1276,2019-12-10 00:00:00,Tuesday,12,24,36,40,41,4,5,4,5
1277,2019-12-13 00:00:00,Friday,4,8,16,30,42,9,12,9,12
1278,2019-12-17 00:00:00,Tuesday,1,2,29,43,44,2,10,2,10
1279,2019-12-20 00:00:00,Friday,11,18,29,43,49,2,10,2,10
1280,2019-12-24 00:00:00,Tuesday,2,10,18,19,40,3,11,3,11
1281,2019-12-27 00:00:00,Friday,29,34,38,46,50,3,10,3,10
1282,2019-12-31 00:00:00,Tuesday,13,16,20,29,49,1,10,1,10
1283,2020-01-03 00:00:00,Friday,4,12,17,43,49,5,11,5,11
1284,2020-01-07 00:00:00,Tuesday,27,33,44,46,49,3,6,3,6
1285,2020-01-10 00:00:00,Friday,5,9,25,29,32,4,10,4,10
1286,2020-01-14 00:00:00,Tuesday,6,21,25,29,50,4,8,4,8
1287,2020-01-17 00:00:00,Friday,3,9,30,43,49,4,12,4,12
1288,2020-01-21 00:00:00,Tuesday,12,24,35,38,41,4,7,4,7
1289,2020-01-24 00:00:00,Friday,1,4,13,31,35,4,10,4,10
1290,2020-01-28 00:00:00,Tuesday,5,8,18,36,41,3,11,3,11
1291,2020-01-31 00:00:00,Friday,1,25,27,33,45,2,9,2,9
1292,2020-02-04 00:00:00,Tuesday,7,22,33,34,46,2,9,2,9
1293,2020-02-07 00:00:00,Friday,6,20,27,38,44,6,9,6,9
1294,2020-02-11 00:00:00,Tuesday,2,23,41,44,47,9,11,9,11
1295,2020-02-14 00:00:00,Friday,21,29,46,47,49,5,12,5,12
1296,2020-02-18 00:00:00,Tuesday,2,5,26,34,44,3,4,3,4
1297,2020-02-21 00:00:00,Friday,24,37,40,47,50,1,2,1,2
1298,2020-02-25 00:00:00,Tuesday,1,2,25,35,47,1,9,1,9
1299,2020-02-28 00:00:00,Friday,1,11,28,39,42,5,6,5,6
1300,2020-03-03 00:00:00,Tuesday,1,27,32,42,47,1,7,1,7
1301,2020-03-06 00:00:00,Friday,14,16,20,47,50,2,6,2,6
1302,2020-03-10 00:00:00,Tuesday,2,8,10,21,33,11,12,11,12
1303,2020-03-13 00:00:00,Friday,13,17,18,35,45,7,9,7,9
1304,2020-03-17 00:00:00,Tuesday,11,12,13,31,34,10,11,10,11
1305,2020-03-20 00:00:00,Friday,21,33,37,39,40,8,12,8,12
1306,2020-03-24 00:00:00,Tuesday,1,22,31,34,47,4,8,4,8
1307,2020-03-27 00:00:00,Friday,3,8,26,35,45,1,12,1,12
1308,2020-03-31 00:00:00,Tuesday,15,32,44,46,48,5,7,5,7
1309,2020-04-03 00:00:00,Friday,3,8,17,34,37,3,4,3,4
1310,2020-04-07 00:00:00,Tuesday,11,14,22,23,25,7,9,7,9
1311,2020-04-10 00:00:00,Friday,16,19,20,24,41,8,9,8,9
1312,2020-04-14 00:00:00,Tuesday,2,19,21,29,32,7,12,7,12
1313,2020-04-17 00:00:00,Friday,5,11,22,42,45,7,12,7,12
1314,2020-04-21 00:00:00,Tuesday,3,18,23,38,48,7,10,7,10
1315,2020-04-24 00:00:00,Friday,19,21,27,28,48,5,10,5,10
1316,2020-04-28 00:00:00,Tuesday,15,18,24,29,43,1,2,1,2
1317,2020-05-01 00:00:00,Friday,4,8,15,16,50,7,10,7,10
1318,2020-05-05 00:00:00,Tuesday,25,27,28,32,49,5,8,5,8
1319,2020-05-08 00:00:00,Friday,9,24,31,32,33,3,4,3,4
1320,2020-05-12 00:00:00,Tuesday,1,27,40,46,50,3,12,3,12
1321,2020-05-15 00:00:00,Friday,8,13,33,39,42,9,12,9,12
1322,2020-05-19 00:00:00,Tuesday,4,20,28,37,43,1,12,1,12
1323,2020-05-22 00:00:00,Friday,21,37,39,43,47,4,8,4,8
1324,2020-05-26 00:00:00,Tuesday,14,16,28,39,50,6,7,6,7
1325,2020-05-29 00:00:00,Friday,5,6,22,34,44,2,11,2,11
1326,2020-06-02 00:00:00,Tuesday,10,25,28,39,49,5,12,5,12
1327,2020-06-05 00:00:00,Friday,7,18,22,46,50,9,12,9,12
1328,2020-06-09 00:00:00,Tuesday,6,11,12,18,45,7,12,7,12
1329,2020-06-12 00:00:00,Friday,10,32,36,37,40,7,10,7,10
1330,2020-06-16 00:00:00,Tuesday,8,13,34,48,50,9,10,9,10
1331,2020-06-19 00:00:00,Friday,16,19,32,34,39,10,11,10,11
1332,2020-06-23 00:00:00,Tuesday,2,4,14,29,30,1,6,1,6
1333,2020-06-26 00:00:00,Friday,12,25,29,36,38,4,11,4,11
1334,2020-06-30 00:00:00,Tuesday,22,32,36,43,50,10,12,10,12
1335,2020-07-03 00:00:00,Friday,8,12,14,19,33,2,3,2,3
1336,2020-07-07 00:00:00,Tuesday,1,7,16,22,39,7,10,7,10
1337,2020-07-10 00:00:00,Friday,5,8,10,21,47,9,10,9,10
1338,2020-07-14 00:00:00,Tuesday,9,19,22,35,50,3,11,3,11
1339,2020-07-17 00:00:00,Friday,9,19,34,37,44,5,8,5,8
1340,2020-07-21 00:00:00,Tuesday,1,7,17,25,42,9,11,9,11
1341,2020-07-24 00:00:00,Friday,2,11,20,29,45,1,5,1,5
1342,2020-07-28 00:00:00,Tuesday,7,18,30,33,46,3,5,3,5
1343,2020-07-31 00:00:00,Friday,2,22,25,29,35,1,3,1,3
1344,2020-08-04 00:00:00,Tuesday,3,37,43,45,50,4,5,4,5
1345,2020-08-07 00:00:00,Friday,6,13,20,22,47,2,6,2,6
1346,2020-08-11 00:00:00,Tuesday,5,9,18,40,46,9,11,9,11
1347,2020-08-14 00:00:00,Friday,11,12,22,33,45,10,12,10,12
1348,2020-08-18 00:00:00,Tuesday,7,17,28,31,36,4,9,4,9
1349,2020-08-21 00:00:00,Friday,11,23,38,39,46,7,12,7,12
1350,2020-08-25 00:00:00,Tuesday,19,22,26,37,46,9,11,9,11
1351,2020-08-28 00:00:00,Friday,5,14,44,47,50,10,11,10,11
1352,2020-09-01 00:00:00,Tuesday,3,6,23,24,38,1,7,1,7
1353,2020-09-04 00:00:00,Friday,3,11,33,38,47,3,6,3,6
1354,2020-09-08 00:00:00,Tuesday,2,3,18,45,48,7,9,7,9
1355,2020-09-11 00:00:00,Friday,1,22,23,29,33,7,11,7,11
1356,2020-09-15 00:00:00,Tuesday,24,29,34,41,47,6,7,6,7
1357,2020-09-18 00:00:00,Friday,6,8,10,29,42,1,10,1,10
1358,2020-09-22 00:00:00,Tuesday,3,10,20,29,46,10,12,10,12
1359,2020-09-25 00:00:00,Friday,4,5,15,24,44,4,12,4,12
1360,2020-09-29 00:00:00,Tuesday,3,15,24,33,37,6,8,6,8
1361,2020-10-02 00:00:00,Friday,14,20,29,37,48,5,7,5,7
1362,2020-10-06 00:00:00,Tuesday,15,23,31,35,41,4,7,4,7
1363,2020-10-09 00:00:00,Friday,7,11,32,34,43,7,8,7,8
1364,2020-10-13 00:00:00,Tuesday,4,14,17,23,42,5,8,5,8
1365,2020-10-16 00:00:00,Friday,2,15,27,35,46,4,7,4,7
1366,2020-10-20 00:00:00,Tuesday,3,8,13,15,41,7,12,7,12
1367,2020-10-23 00:00:00,Friday,28,30,34,45,49,5,6,5,6
1368,2020-10-27 00:00:00,Tuesday,2,4,26,29,32,8,12,8,12
1369,2020-10-30 00:00:00,Friday,2,9,22,34,45,1,10,1,10
1370,2020-11-03 00:00:00,Tuesday,4,16,21,37,50,4,7,4,7
1371,2020-11-06 00:00:00,Friday,10,14,17,26,37,1,5,1,5
1372,2020-11-10 00:00:00,Tuesday,7,8,9,16,48,6,8,6,8
1373,2020-11-13 00:00:00,Friday,8,17,33,38,47,5,11,5,11
1374,2020-11-17 00:00:00,Tuesday,6,28,33,41,43,2,12,2,12
1375,2020-11-20 00:00:00,Friday,2,5,16,43,49,5,12,5,12
1376,2020-11-24 00:00:00,Tuesday,8,13,16,26,33,2,5,2,5
1377,2020-11-27 00:00:00,Friday,30,31,34,41,47,2,12,2,12
1378,2020-12-01 00:00:00,Tuesday,4,14,17,18,37,6,10,6,10
1379,2020-12-04 00:00:00,Friday,6,34,36,38,42,1,10,1,10
1380,2020-12-08 00:00:00,Tuesday,3,4,21,24,27,8,12,8,12
1381,2020-12-11 00:00:00,Friday,19,23,26,41,50,5,10,5,10
1382,2020-12-15 00:00:00,Tuesday,8,10,37,40,43,5,9,5,9
1383,2020-12-18 00:00:00,Friday,18,23,26,32,50,2,12,2,12
1384,2020-12-22 00:00:00,Tuesday,11,12,29,39,45,8,11,8,11
1385,2020-12-25 00:00:00,Friday,11,35,44,46,49,6,9,6,9
1386,2020-12-29 00:00:00,Tuesday,8,10,16,33,43,2,5,2,5
1387,2021-01-01 00:00:00,Friday,27,28,37,42,46,8,11,8,11
1388,2021-01-05 00:00:00,Tuesday,4,24,33,40,46,3,8,3,8
1389,2021-01-08 00:00:00,Friday,12,27,32,47,48,4,10,4,10
1390,2021-01-12 00:00:00,Tuesday,4,9,10,32,39,5,12,5,12
1391,2021-01-15 00:00:00,Friday,13,18,32,43,47,2,9,2,9
1392,2021-01-19 00:00:00,Tuesday,14,26,40,41,45,2,9,2,9
1393,2021-01-22 00:00:00,Friday,15,23,26,36,38,3,4,3,4
1394,2021-01-26 00:00:00,Tuesday,4,9,11,24,47,5,6,5,6
1395,2021-01-29 00:00:00,Friday,12,19,30,34,40,5,7,5,7
1396,2021-02-02 00:00:00,Tuesday,14,22,26,39,47,5,8,5,8
1397,2021-02-05 00:00:00,Friday,2,6,13,39,48,1,7,1,7
1398,2021-02-09 00:00:00,Tuesday,21,34,36,46,47,5,6,5,6
1399,2021-02-12 00:00:00,Friday,7,14,17,23,29,2,3,2,3
1400,2021-02-16 00:00:00,Tuesday,17,24,37,38,40,4,8,4,8
1401,2021-02-19 00:00:00,Friday,17,20,34,46,50,6,12,6,12
1402,2021-02-23 00:00:00,Tuesday,15,24,32,38,46,6,11,6,11
1403,2021-02-26 00:00:00,Friday,17,19,28,38,42,2,5,2,5
1404,2021-03-02 00:00:00,Tuesday,3,15,28,30,31,6,10,6,10
1405,2021-03-05 00:00:00,Friday,14,17,20,28,29,3,8,3,8
1406,2021-03-09 00:00:00,Tuesday,1,3,13,31,38,7,9,7,9
1407,2021-03-12 00:00:00,Friday,4,23,25,34,40,3,6,3,6
1408,2021-03-16 00:00:00,Tuesday,5,9,10,17,25,8,11,8,11
1409,2021-03-19 00:00:00,Friday,1,2,11,34,47,8,11,8,11
1410,2021-03-23 00:00:00,Tuesday,3,8,23,29,34,9,11,9,11
1411,2021-03-26 00:00:00,Friday,14,19,27,29,48,8,11,8,11
1412,2021-03-30 00:00:00,Tuesday,8,27,30,40,45,1,2,1,2
1413,2021-04-02 00:00:00,Friday,17,25,34,43,48,8,10,8,10
1414,2021-04-06 00:00:00,Tuesday,1,12,26,30,40,5,7,5,7
1415,2021-04-09 00:00:00,Friday,1,2,14,17,24,3,4,3,4
1416,2021-04-13 00:00:00,Tuesday,15,28,35,48,49,10,12,10,12
1417,2021-04-16 00:00:00,Friday,1,8,20,31,42,4,9,4,9
1418,2021-04-20 00:00:00,Tuesday,15,19,33,41,46,5,11,5,11
1419,2021-04-23 00:00:00,Friday,10,11,12,18,22,11,12,11,12
1420,2021-04-27 00:00:00,Tuesday,1,11,34,39,43,6,9,6,9
1421,2021-04-30 00:00:00,Friday,18,20,27,45,47,1,9,1,9
1422,2021-05-04 00:00:00,Tuesday,5,10,25,26,38,2,9,2,9
1423,2021-05-07 00:00:00,Friday,3,14,43,47,50,10,12,10,12
1424,2021-05-11 00:00:00,Tuesday,10,15,35,43,49,4,8,4,8
1425,2021-05-14 00:00:00,Friday,1,18,21,24,33,3,5,3,5
1426,2021-05-18 00:00:00,Tuesday,15,25,27,46,49,4,6,4,6
1427,2021-05-21 00:00:00,Friday,4,14,19,43,48,1,6,1,6
1428,2021-05-25 00:00:00,Tuesday,16,22,32,33,45,8,12,8,12
1429,2021-05-28 00:00:00,Friday,15,19,20,24,39,2,6,2,6
1430,2021-06-01 00:00:00,Tuesday,11,30,37,41,49,8,12,8,12
1431,2021-06-04 00:00:00,Friday,10,29,31,43,44,3,9,3,9
1432,2021-06-08 00:00:00,Tuesday,11,21,27,36,45,1,10,1,10
1433,2021-06-11 00:00:00,Friday,2,15,35,38,40,5,7,5,7
1434,2021-06-15 00:00:00,Tuesday,5,12,19,30,39,8,10,8,10
1435,2021-06-18 00:00:00,Friday,29,40,42,43,47,3,6,3,6
1436,2021-06-22 00:00:00,Tuesday,2,10,26,31,35,3,12,3,12
1437,2021-06-25 00:00:00,Friday,9,11,38,43,45,5,6,5,6
1438,2021-06-29 00:00:00,Tuesday,1,15,17,40,44,3,11,3,11
1439,2021-07-02 00:00:00,Friday,17,23,32,34,36,5,12,5,12
1440,2021-07-06 00:00:00,Tuesday,9,25,34,36,45,1,12,1,12
1441,2021-07-09 00:00:00,Friday,7,21,27,43,46,1,6,1,6
1442,2021-07-13 00:00:00,Tuesday,12,15,20,41,47,4,11,4,11
1443,2021-07-16 00:00:00,Friday,11,31,38,39,45,2,8,2,8
1444,2021-07-20 00:00:00,Tuesday,17,19,23,26,27,2,8,2,8
1445,2021-07-23 00:00:00,Friday,5,13,23,29,35,1,12,1,12
1446,2021-07-27 00:00:00,Tuesday,7,20,26,40,48,1,4,1,4
1447,2021-07-30 00:00:00,Friday,4,6,13,15,31,2,12,2,12
1448,2021-08-03 00:00:00,Tuesday,4,5,13,33,47,6,7,6,7
1449,2021-08-06 00:00:00,Friday,5,23,24,43,45,4,5,4,5
1450,2021-08-10 00:00:00,Tuesday,16,20,22,36,37,7,8,7,8
1451,2021-08-13 00:00:00,Friday,1,3,13,41,46,3,12,3,12
1452,2021-08-17 00:00:00,Tuesday,6,24,34,35,38,7,9,7,9
1453,2021-08-20 00:00:00,Friday,13,15,18,31,45,1,8,1,8
1454,2021-08-24 00:00:00,Tuesday,3,10,20,26,44,5,8,5,8
1455,2021-08-27 00:00:00,Friday,4,29,41,42,46,3,5,3,5
1456,2021-08-31 00:00:00,Tuesday,17,26,37,42,49,2,9,2,9
1457,2021-09-03 00:00:00,Friday,1,17,24,35,38,1,8,1,8
1458,2021-09-07 00:00:00,Tuesday,5,6,32,38,45,8,11,8,11
1459,2021-09-10 00:00:00,Friday,14,20,26,31,42,2,3,2,3
1460,2021-09-14 00:00:00,Tuesday,9,29,40,43,45,2,5,2,5
1461,2021-09-17 00:00:00,Friday,4,9,38,41,49,4,11,4,11
1462,2021-09-21 00:00:00,Tuesday,26,29,35,48,50,2,4,2,4
1463,2021-09-24 00:00:00,Friday,1,2,17,24,42,2,12,2,12
1464,2021-09-28 00:00:00,Tuesday,10,16,19,25,47,6,12,6,12
1465,2021-10-01 00:00:00,Friday,11,19,30,35,38,2,8,2,8
1466,2021-10-05 00:00:00,Tuesday,10,12,18,26,37,1,7,1,7
1467,2021-10-08 00:00:00,Friday,2,21,24,26,36,4,7,4,7
1468,2021-10-12 00:00:00,Tuesday,9,12,15,18,29,1,12,1,12
1469,2021-10-15 00:00:00,Friday,9,10,30,39,47,4,7,4,7
1470,2021-10-19 00:00:00,Tuesday,1,6,11,14,47,3,12,3,12
1471,2021-10-22 00:00:00,Friday,10,14,23,33,44,8,11,8,11
1472,2021-10-26 00:00:00,Tuesday,9,16,23,34,45,8,12,8,12
1473,2021-10-29 00:00:00,Friday,7,19,33,34,38,6,11,6,11
1474,2021-11-02 00:00:00,Tuesday,14,16,19,23,35,3,11,3,11
1475,2021-11-05 00:00:00,Friday,5,16,20,36,43,5,11,5,11
1476,2021-11-09 00:00:00,Tuesday,11,20,25,26,32,6,11,6,11
1477,2021-11-12 00:00:00,Friday,12,26,30,40,42,8,12,8,12
1478,2021-11-16 00:00:00,Tuesday,3,15,44,45,46,3,7,3,7
1479,2021-11-19 00:00:00,Friday,11,14,18,27,48,1,11,1,11
1480,2021-11-23 00:00:00,Tuesday,8,15,18,19,32,10,11,10,11
1481,2021-11-26 00:00:00,Friday,9,29,31,40,42,2,3,2,3
1482,2021-11-30 00:00:00,Tuesday,12,14,19,33,49,7,9,7,9
1483,2021-12-03 00:00:00,Friday,15,31,36,39,48,8,11,8,11
1484,2021-12-07 00:00:00,Tuesday,17,35,41,42,48,6,12,6,12
1485,2021-12-10 00:00:00,Friday,9,17,27,34,39,3,7,3,7
1486,2021-12-14 00:00:00,Tuesday,6,8,19,20,23,7,8,7,8
1487,2021-12-17 00:00:00,Friday,3,12,14,27,30,4,11,4,11
1488,2021-12-21 00:00:00,Tuesday,1,24,27,31,39,3,4,3,4
1489,2021-12-24 00:00:00,Friday,4,16,23,44,48,1,4,1,4
1490,2021-12-28 00:00:00,Tuesday,5,21,31,47,48,1,6,1,6
1491,2021-12-31 00:00:00,Friday,12,20,21,41,50,6,8,6,8
1492,2022-01-04 00:00:00,Tuesday,5,20,24,28,36,2,11,2,11
1493,2022-01-07 00:00:00,Friday,21,34,43,47,50,10,12,10,12
1494,2022-01-11 00:00:00,Tuesday,10,13,21,25,29,1,8,1,8
1495,2022-01-14 00:00:00,Friday,18,20,32,33,35,5,8,5,8
1496,2022-01-18 00:00:00,Tuesday,22,24,31,32,43,6,11,6,11
1497,2022-01-21 00:00:00,Friday,9,14,16,25,47,7,8,7,8
1498,2022-01-25 00:00:00,Tuesday,9,16,20,38,40,5,7,5,7
1499,2022-01-28 00:00:00,Friday,1,7,11,18,24,2,11,2,11
1500,2022-02-01 00:00:00,Tuesday,6,14,18,44,50,8,10,8,10
1501,2022-02-04 00:00:00,Friday,1,6,9,15,33,1,3,1,3
1502,2022-02-08 00:00:00,Tuesday,5,8,15,25,26,2,12,2,12
1503,2022-02-11 00:00:00,Friday,23,32,35,39,49,2,4,2,4
1504,2022-02-15 00:00:00,Tuesday,2,12,13,24,25,1,5,1,5
1505,2022-02-18 00:00:00,Friday,13,17,28,31,32,9,10,9,10
1506,2022-02-22 00:00:00,Tuesday,5,28,32,38,48,3,8,3,8
1507,2022-02-25 00:00:00,Friday,42,43,44,47,48,4,8,4,8
1508,2022-03-01 00:00:00,Tuesday,12,18,20,23,39,5,6,5,6
1509,2022-03-04 00:00:00,Friday,15,25,34,38,50,7,11,7,11
1510,2022-03-08 00:00:00,Tuesday,2,6,11,18,38,5,12,5,12
1511,2022-03-11 00:00:00,Friday,15,16,23,32,40,9,12,9,12
1512,2022-03-15 00:00:00,Tuesday,9,13,21,42,45,2,12,2,12
1513,2022-03-18 00:00:00,Friday,15,19,23,28,35,1,3,1,3
1514,2022-03-22 00:00:00,Tuesday,11,13,16,27,42,11,12,11,12
1515,2022-03-25 00:00:00,Friday,9,13,19,22,40,3,5,3,5
1516,2022-03-29 00:00:00,Tuesday,16,24,35,36,43,5,11,5,11
1517,2022-04-01 00:00:00,Friday,13,22,37,46,48,6,8,6,8
1518,2022-04-05 00:00:00,Tuesday,7,27,28,35,48,2,5,2,5
1519,2022-04-08 00:00:00,Friday,14,25,42,45,46,6,11,6,11
1520,2022-04-12 00:00:00,Tuesday,7,11,25,37,46,11,12,11,12
1521,2022-04-15 00:00:00,Friday,6,7,16,22,45,5,6,5,6
1522,2022-04-19 00:00:00,Tuesday,12,14,17,24,32,7,9,7,9
1523,2022-04-22 00:00:00,Friday,4,9,10,29,37,4,5,4,5
1524,2022-04-26 00:00:00,Tuesday,19,37,39,44,48,3,11,3,11
1525,2022-04-29 00:00:00,Friday,1,10,13,14,40,4,5,4,5
1526,2022-05-03 00:00:00,Tuesday,5,18,28,36,42,7,12,7,12
1527,2022-05-06 00:00:00,Friday,3,29,30,38,41,1,7,1,7
1528,2022-05-10 00:00:00,Tuesday,7,17,30,45,47,4,5,4,5
1529,2022-05-13 00:00:00,Friday,7,9,13,22,37,1,8,1,8
1530,2022-05-17 00:00:00,Tuesday,9,13,20,24,34,3,12,3,12
1531,2022-05-20 00:00:00,Friday,5,12,13,45,46,2,5,2,5
1532,2022-05-24 00:00:00,Tuesday,12,15,21,22,35,2,5,2,5
1533,2022-05-27 00:00:00,Friday,2,8,12,20,50,3,11,3,11
1534,2022-05-31 00:00:00,Tuesday,7,13,18,28,42,6,12,6,12
1535,2022-06-03 00:00:00,Friday,3,5,21,22,24,3,4,3,4
1536,2022-06-07 00:00:00,Tuesday,4,17,26,41,47,2,4,2,4
1537,2022-06-10 00:00:00,Friday,1,9,13,17,32,3,4,3,4
1538,2022-06-14 00:00:00,Tuesday,13,15,22,33,36,9,11,9,11
1539,2022-06-17 00:00:00,Friday,5,11,21,36,42,9,11,9,11
1540,2022-06-21 00:00:00,Tuesday,14,19,32,36,37,3,8,3,8
1541,2022-06-24 00:00:00,Friday,20,21,24,34,46,6,7,6,7
1542,2022-06-28 00:00:00,Tuesday,1,21,26,27,36,8,9,8,9
1543,2022-07-01 00:00:00,Friday,1,4,19,45,46,3,8,3,8
1544,2022-07-05 00:00:00,Tuesday,8,9,19,22,47,1,4,1,4
1545,2022-07-08 00:00:00,Friday,15,24,29,34,48,6,9,6,9
1546,2022-07-12 00:00:00,Tuesday,6,11,16,18,43,1,10,1,10
1547,2022-07-15 00:00:00,Friday,12,36,41,44,47,7,12,7,12
1548,2022-07-19 00:00:00,Tuesday,29,30,40,43,46,3,11,3,11
1549,2022-07-22 00:00:00,Friday,9,11,18,38,39,5,10,5,10
1550,2022-07-26 00:00:00,Tuesday,4,13,14,18,43,9,12,9,12
1551,2022-07-29 00:00:00,Friday,20,29,33,49,50,5,11,5,11
1552,2022-08-02 00:00:00,Tuesday,4,8,29,38,45,6,10,6,10
1553,2022-08-05 00:00:00,Friday,2,16,40,46,48,8,12,8,12
1554,2022-08-09 00:00:00,Tuesday,6,14,27,35,36,6,7,6,7
1555,2022-08-12 00:00:00,Friday,10,11,27,35,43,2,3,2,3
1556,2022-08-16 00:00:00,Tuesday,7,18,19,27,40,3,12,3,12
1557,2022-08-19 00:00:00,Friday,6,8,9,25,27,3,9,3,9
1558,2022-08-23 00:00:00,Tuesday,2,8,29,41,48,3,6,3,6
1559,2022-08-26 00:00:00,Friday,24,39,43,47,50,3,12,3,12
1560,2022-08-30 00:00:00,Tuesday,24,26,28,37,46,5,9,5,9
1561,2022-09-02 00:00:00,Friday,5,17,19,27,49,1,6,1,6
1562,2022-09-06 00:00:00,Tuesday,18,23,35,38,45,4,6,4,6
1563,2022-09-09 00:00:00,Friday,13,17,23,35,50,2,7,2,7
1564,2022-09-13 00:00:00,Tuesday,2,21,23,24,42,7,9,7,9
1565,2022-09-16 00:00:00,Friday,2,7,14,35,48,6,10,6,10
1566,2022-09-20 00:00:00,Tuesday,13,19,23,42,47,1,8,1,8
1567,2022-09-23 00:00:00,Friday,20,22,28,29,49,7,9,7,9
1568,2022-09-27 00:00:00,Tuesday,7,19,35,39,47,1,5,1,5
1569,2022-09-30 00:00:00,Friday,9,18,26,40,48,3,5,3,5
1570,2022-10-04 00:00:00,Tuesday,10,13,14,19,25,2,7,2,7
1571,2022-10-07 00:00:00,Friday,23,29,31,35,47,2,10,2,10
1572,2022-10-11 00:00:00,Tuesday,9,14,19,23,34,8,9,8,9
1573,2022-10-14 00:00:00,Friday,4,11,15,31,36,5,6,5,6
1574,2022-10-18 00:00:00,Tuesday,3,15,39,41,43,1,6,1,6
1575,2022-10-21 00:00:00,Friday,2,4,8,11,18,7,10,7,10
1576,2022-10-25 00:00:00,Tuesday,14,22,24,45,47,8,11,8,11
1577,2022-10-28 00:00:00,Friday,3,9,22,29,34,3,12,3,12
1578,2022-11-01 00:00:00,Tuesday,6,8,17,23,26,4,10,4,10
1579,2022-11-04 00:00:00,Friday,6,11,21,29,30,5,6,5,6
1580,2022-11-08 00:00:00,Tuesday,5,10,12,29,37,4,9,4,9
1581,2022-11-11 00:00:00,Friday,22,29,38,47,49,1,5,1,5
1582,2022-11-15 00:00:00,Tuesday,14,20,37,42,46,1,9,1,9
1583,2022-11-18 00:00:00,Friday,12,14,27,28,43,1,2,1,2
1584,2022-11-22 00:00:00,Tuesday,10,16,24,40,48,10,12,10,12
1585,2022-11-25 00:00:00,Friday,15,19,20,43,44,3,12,3,12
1586,2022-11-29 00:00:00,Tuesday,6,13,18,28,39,1,10,1,10
1587,2022-12-02 00:00:00,Friday,9,19,30,32,46,4,12,4,12
1588,2022-12-06 00:00:00,Tuesday,34,42,44,46,48,2,12,2,12
1589,2022-12-09 00:00:00,Friday,6,7,17,22,30,2,7,2,7
1590,2022-12-13 00:00:00,Tuesday,2,11,17,26,34,2,10,2,10
1591,2022-12-16 00:00:00,Friday,3,9,10,21,22,3,5,3,5
1592,2022-12-20 00:00:00,Tuesday,6,24,35,40,47,2,10,2,10
1593,2022-12-23 00:00:00,Friday,2,6,15,24,33,4,6,4,6
1594,2022-12-27 00:00:00,Tuesday,4,8,11,22,48,3,7,3,7
1595,2022-12-30 00:00:00,Friday,8,32,41,47,48,2,10,2,10
1596,2023-01-03 00:00:00,Tuesday,16,19,29,35,48,4,7,4,7
1597,2023-01-06 00:00:00,Friday,14,18,21,26,50,3,4,3,4
1598,2023-01-10 00:00:00,Tuesday,1,2,12,39,44,5,9,5,9
1599,2023-01-13 00:00:00,Friday,1,4,7,20,40,9,11,9,11
1600,2023-01-17 00:00:00,Tuesday,9,20,33,34,45,2,10,2,10
1601,2023-01-20 00:00:00,Friday,14,23,36,37,48,1,5,1,5
1602,2023-01-24 00:00:00,Tuesday,11,26,35,38,43,1,10,1,10
1603,2023-01-27 00:00:00,Friday,24,34,39,41,46,8,10,8,10
1604,2023-01-31 00:00:00,Tuesday,17,22,29,35,41,3,7,3,7
1605,2023-02-03 00:00:00,Friday,5,24,32,47,49,5,12,5,12
1606,2023-02-07 00:00:00,Tuesday,13,14,21,35,42,6,11,6,11
1607,2023-02-10 00:00:00,Friday,10,14,34,43,50,4,11,4,11
1608,2023-02-14 00:00:00,Tuesday,2,18,24,47,48,4,11,4,11
1609,2023-02-17 00:00:00,Friday,1,7,31,35,49,4,9,4,9
1610,2023-02-21 00:00:00,Tuesday,13,16,23,30,36,3,10,3,10
1611,2023-02-24 00:00:00,Friday,17,27,29,35,37,4,9,4,9
1612,2023-02-28 00:00:00,Tuesday,12,18,19,22,24,3,11,3,11
1613,2023-03-03 00:00:00,Friday,12,20,34,39,50,3,8,3,8
1614,2023-03-07 00:00:00,Tuesday,7,11,12,31,47,4,7,4,7
1615,2023-03-10 00:00:00,Friday,16,22,28,43,50,6,8,6,8
1616,2023-03-14 00:00:00,Tuesday,4,7,11,23,50,4,12,4,12
1617,2023-03-17 00:00:00,Friday,3,6,15,19,28,3,5,3,5
1618,2023-03-21 00:00:00,Tuesday,10,15,19,26,42,4,6,4,6
1619,2023-03-24 00:00:00,Friday,8,20,23,39,45,2,9,2,9
1620,2023-03-28 00:00:00,Tuesday,5,8,21,34,43,6,11,6,11
1621,2023-03-31 00:00:00,Friday,11,18,28,33,35,2,4,2,4
1622,2023-04-04 00:00:00,Tuesday,7,23,37,41,47,9,10,9,10
1623,2023-04-07 00:00:00,Friday,13,22,32,38,47,7,12,7,12
1624,2023-04-11 00:00:00,Tuesday,16,23,30,39,45,7,12,7,12
1625,2023-04-14 00:00:00,Friday,1,7,14,30,42,6,8,6,8
1626,2023-04-18 00:00:00,Tuesday,9,14,21,31,35,4,6,4,6
1627,2023-04-21 00:00:00,Friday,6,22,28,35,47,4,9,4,9
1628,2023-04-25 00:00:00,Tuesday,2,14,19,28,45,6,7,6,7
1629,2023-04-28 00:00:00,Friday,10,21,23,27,30,5,6,5,6
1630,2023-05-02 00:00:00,Tuesday,9,11,31,43,46,6,11,6,11
1631,2023-05-05 00:00:00,Friday,2,11,24,30,34,2,4,2,4
1632,2023-05-09 00:00:00,Tuesday,19,21,35,39,42,10,12,10,12
1633,2023-05-12 00:00:00,Friday,14,20,27,34,37,2,11,2,11
1634,2023-05-16 00:00:00,Tuesday,20,29,40,41,45,2,8,2,8
1635,2023-05-19 00:00:00,Friday,5,19,24,26,34,2,9,2,9
1636,2023-05-23 00:00:00,Tuesday,7,18,23,24,28,3,6,3,6
1637,2023-05-26 00:00:00,Friday,16,21,22,31,33,1,10,1,10
1638,2023-05-30 00:00:00,Tuesday,1,12,36,41,42,5,6,5,6
1639,2023-06-02 00:00:00,Friday,6,13,45,46,49,8,11,8,11
1640,2023-06-06 00:00:00,Tuesday,10,32,37,39,47,4,8,4,8
1641,2023-06-09 00:00:00,Friday,16,18,22,33,50,1,3,1,3
1642,2023-06-13 00:00:00,Tuesday,1,17,22,23,45,6,9,6,9
1643,2023-06-16 00:00:00,Friday,8,20,23,41,42,3,6,3,6
1644,2023-06-20 00:00:00,Tuesday,4,10,22,37,41,6,11,6,11
1645,2023-06-23 00:00:00,Friday,2,5,34,41,42,2,5,2,5
1646,2023-06-27 00:00:00,Tuesday,12,18,36,42,43,6,12,6,12
1647,2023-06-30 00:00:00,Friday,17,21,22,30,31,4,8,4,8
1648,2023-07-04 00:00:00,Tuesday,18,35,36,41,43,2,7,2,7
1649,2023-07-07 00:00:00,Friday,18,24,25,37,49,1,12,1,12
1650,2023-07-11 00:00:00,Tuesday,7,27,38,48,49,1,3,1,3
1651,2023-07-14 00:00:00,Friday,5,16,19,20,46,2,11,2,11
1652,2023-07-18 00:00:00,Tuesday,12,19,23,28,32,7,11,7,11
1653,2023-07-21 00:00:00,Friday,17,18,26,43,46,2,6,2,6
1654,2023-07-25 00:00:00,Tuesday,16,17,29,41,43,7,9,7,9
1655,2023-07-28 00:00:00,Friday,6,15,36,47,50,5,12,5,12
1656,2023-08-01 00:00:00,Tuesday,7,17,38,43,44,2,5,2,5
1657,2023-08-04 00:00:00,Friday,2,4,12,44,47,6,9,6,9
1658,2023-08-08 00:00:00,Tuesday,17,25,32,43,49,4,5,4,5
1659,2023-08-11 00:00:00,Friday,1,13,23,33,47,7,11,7,11
1660,2023-08-15 00:00:00,Tuesday,9,27,28,31,38,4,12,4,12
1661,2023-08-18 00:00:00,Friday,8,10,21,33,39,4,6,4,6
1662,2023-08-22 00:00:00,Tuesday,3,10,20,33,49,7,11,7,11
1663,2023-08-25 00:00:00,Friday,3,18,20,27,46,1,3,1,3
1664,2023-08-29 00:00:00,Tuesday,23,32,34,41,47,1,6,1,6
1665,2023-09-01 00:00:00,Friday,21,28,30,39,44,1,10,1,10
1666,2023-09-05 00:00:00,Tuesday,5,10,41,42,44,5,8,5,8
1667,2023-09-08 00:00:00,Friday,1,24,34,39,40,1,8,1,8
1668,2023-09-12 00:00:00,Tuesday,15,24,33,41,49,2,4,2,4
1669,2023-09-15 00:00:00,Friday,10,14,39,42,43,3,7,3,7
1670,2023-09-19 00:00:00,Tuesday,14,34,39,42,46,2,12,2,12
1671,2023-09-22 00:00:00,Friday,24,29,31,43,46,3,12,3,12
1672,2023-09-26 00:00:00,Tuesday,10,25,27,42,45,3,5,3,5
1673,2023-09-29 00:00:00,Friday,14,22,24,31,39,2,7,2,7
1674,2023-10-03 00:00:00,Tuesday,3,5,13,37,47,3,5,3,5
1675,2023-10-06 00:00:00,Friday,7,15,21,26,46,3,9,3,9
1676,2023-10-10 00:00:00,Tuesday,2,13,23,27,32,2,5,2,5
1677,2023-10-13 00:00:00,Friday,4,8,22,33,49,4,12,4,12
1678,2023-10-17 00:00:00,Tuesday,3,16,27,40,47,2,3,2,3
1679,2023-10-20 00:00:00,Friday,4,10,18,35,39,8,11,8,11
1680,2023-10-24 00:00:00,Tuesday,20,24,29,38,46,5,9,5,9
1681,2023-10-27 00:00:00,Friday,16,19,30,47,49,8,11,8,11
1682,2023-10-31 00:00:00,Tuesday,16,18,19,34,45,2,8,2,8
1683,2023-11-03 00:00:00,Friday,18,20,22,24,33,4,11,4,11
1684,2023-11-07 00:00:00,Tuesday,2,7,11,12,21,2,3,2,3
1685,2023-11-10 00:00:00,Friday,9,14,18,34,45,4,10,4,10
1686,2023-11-14 00:00:00,Tuesday,12,23,31,41,47,3,7,3,7
1687,2023-11-17 00:00:00,Friday,2,18,25,40,41,1,6,1,6
1688,2023-11-21 00:00:00,Tuesday,21,23,40,45,50,2,7,2,7
1689,2023-11-24 00:00:00,Friday,2,6,33,37,43,3,6,3,6
1690,2023-11-28 00:00:00,Tuesday,1,16,19,26,28,4,7,4,7
1691,2023-12-01 00:00:00,Friday,12,14,28,31,49,9,12,9,12
1692,2023-12-05 00:00:00,Tuesday,1,3,6,7,48,1,10,1,10
1693,2023-12-08 00:00:00,Friday,6,17,24,31,34,7,10,7,10
1694,2023-12-12 00:00:00,Tuesday,20,22,30,42,45,3,4,3,4
1695,2023-12-15 00:00:00,Friday,2,5,22,43,50,2,11,2,11
1696,2023-12-19 00:00:00,Tuesday,11,17,25,31,46,4,11,4,11
1697,2023-12-22 00:00:00,Friday,5,21,22,24,38,7,11,7,11
1698,2023-12-26 00:00:00,Tuesday,6,11,12,27,41,5,6,5,6
1699,2023-12-29 00:00:00,Friday,29,32,38,39,49,3,11,3,11
1700,2024-01-02 00:00:00,Tuesday,11,21,26,34,49,2,8,2,8
1701,2024-01-05 00:00:00,Friday,10,15,33,34,38,8,9,8,9
1702,2024-01-09 00:00:00,Tuesday,9,15,25,27,34,1,11,1,11
1703,2024-01-12 00:00:00,Friday,18,26,35,42,43,2,4,2,4
1704,2024-01-16 00:00:00,Tuesday,16,23,29,37,45,5,10,5,10
1705,2024-01-19 00:00:00,Friday,13,38,40,41,47,3,5,3,5
1706,2024-01-23 00:00:00,Tuesday,10,32,34,40,46,4,7,4,7
1707,2024-01-26 00:00:00,Friday,15,17,20,34,47,1,5,1,5
1708,2024-01-30 00:00:00,Tuesday,2,8,30,34,44,5,12,5,12
1709,2024-02-02 00:00:00,Friday,2,9,19,29,42,2,9,2,9
1710,2024-02-06 00:00:00,Tuesday,18,26,35,41,43,2,10,2,10
1711,2024-02-09 00:00:00,Friday,1,4,13,43,50,11,12,11,12
1712,2024-02-13 00:00:00,Tuesday,16,25,37,40,50,7,10,7,10
1713,2024-02-16 00:00:00,Friday,6,25,37,39,45,4,5,4,5
1714,2024-02-20 00:00:00,Tuesday,2,8,9,43,50,6,12,6,12
1715,2024-02-23 00:00:00,Friday,12,24,35,39,44,1,8,1,8
1716,2024-02-27 00:00:00,Tuesday,2,23,36,40,47,2,10,2,10
1717,2024-03-01 00:00:00,Friday,4,22,35,41,48,6,11,6,11
1718,2024-03-05 00:00:00,Tuesday,35,37,43,47,48,4,8,4,8
1719,2024-03-08 00:00:00,Friday,3,31,38,44,49,1,3,1,3
1720,2024-03-12 00:00:00,Tuesday,5,14,19,37,50,5,10,5,10
1721,2024-03-15 00:00:00,Friday,3,14,21,38,43,2,12,2,12
1722,2024-03-19 00:00:00,Tuesday,36,39,40,44,49,8,10,8,10
1723,2024-03-22 00:00:00,Friday,16,17,18,24,37,3,8,3,8
1724,2024-03-26 00:00:00,Tuesday,11,29,38,43,44,3,10,3,10
1725,2024-03-29 00:00:00,Friday,1,4,6,24,26,3,12,3,12
1726,2024-04-02 00:00:00,Tuesday,2,3,19,27,28,7,10,7,10
1727,2024-04-05 00:00:00,Friday,5,9,11,12,29,1,7,1,7
1728,2024-04-09 00:00:00,Tuesday,4,18,19,24,33,4,12,4,12
1729,2024-04-12 00:00:00,Friday,14,16,21,28,43,2,11,2,11
1730,2024-04-16 00:00:00,Tuesday,4,6,13,23,24,6,7,6,7
1731,2024-04-19 00:00:00,Friday,3,18,23,44,49,4,8,4,8
1732,2024-04-23 00:00:00,Tuesday,4,8,12,30,32,8,12,8,12
1733,2024-04-26 00:00:00,Friday,1,18,20,46,47,5,12,5,12
1734,2024-04-30 00:00:00,Tuesday,16,20,37,43,47,3,4,3,4
1735,2024-05-03 00:00:00,Friday,7,9,17,42,50,7,8,7,8
1736,2024-05-07 00:00:00,Tuesday,7,11,15,24,38,5,9,5,9
1737,2024-05-10 00:00:00,Friday,2,9,16,19,37,6,8,6,8
1738,2024-05-14 00:00:00,Tuesday,16,24,26,39,44,1,3,1,3
1739,2024-05-17 00:00:00,Friday,17,22,36,41,46,4,6,4,6
1740,2024-05-21 00:00:00,Tuesday,3,10,26,35,44,4,10,4,10
1741,2024-05-24 00:00:00,Friday,22,32,34,40,48,6,7,6,7
1742,2024-05-28 00:00:00,Tuesday,1,22,27,30,41,6,12,6,12
1743,2024-05-31 00:00:00,Friday,11,22,41,42,45,9,11,9,11
1744,2024-06-04 00:00:00,Tuesday,26,35,39,48,49,4,12,4,12
1745,2024-06-07 00:00:00,Friday,2,16,18,27,49,7,9,7,9
1746,2024-06-11 00:00:00,Tuesday,14,36,37,44,46,5,10,5,10
1747,2024-06-14 00:00:00,Friday,16,21,23,42,47,1,3,1,3
1748,2024-06-18 00:00:00,Tuesday,10,16,19,28,30,9,10,9,10
1749,2024-06-21 00:00:00,Friday,11,16,27,30,45,1,10,1,10
1750,2024-06-25 00:00:00,Tuesday,9,17,25,28,47,2,8,2,8
1751,2024-06-28 00:00:00,Friday,1,2,3,35,36,7,10,7,10
1752,2024-07-02 00:00:00,Tuesday,6,11,15,26,44,5,8,5,8
1753,2024-07-05 00:00:00,Friday,3,4,21,31,49,1,6,1,6
1754,2024-07-09 00:00:00,Tuesday,1,6,22,28,30,8,12,8,12
1755,2024-07-12 00:00:00,Friday,15,23,32,38,49,2,9,2,9
1756,2024-07-16 00:00:00,Tuesday,23,30,41,44,50,4,8,4,8
1757,2024-07-19 00:00:00,Friday,1,10,14,19,25,5,12,5,12
1758,2024-07-23 00:00:00,Tuesday,2,7,23,28,35,1,10,1,10
1759,2024-07-26 00:00:00,Friday,2,9,10,23,41,1,3,1,3
1760,2024-07-30 00:00:00,Tuesday,9,13,28,31,36,7,12,7,12
1761,2024-08-02 00:00:00,Friday,7,18,23,31,48,8,10,8,10
1762,2024-08-06 00:00:00,Tuesday,13,17,27,30,33,1,11,1,11
1763,2024-08-09 00:00:00,Friday,7,25,33,41,43,4,6,4,6
1764,2024-08-13 00:00:00,Tuesday,15,21,32,44,46,2,12,2,12
1765,2024-08-16 00:00:00,Friday,7,9,25,37,40,2,3,2,3
1766,2024-08-20 00:00:00,Tuesday,4,7,18,34,39,5,12,5,12
1767,2024-08-23 00:00:00,Friday,7,10,20,39,43,3,8,3,8
1768,2024-08-27 00:00:00,Tuesday,18,23,25,32,38,6,11,6,11
1769,2024-08-30 00:00:00,Friday,6,20,30,44,47,2,9,2,9
1770,2024-09-03 00:00:00,Tuesday,1,27,31,34,47,1,5,1,5
1771,2024-09-06 00:00:00,Friday,6,17,22,30,32,8,10,8,10
1772,2024-09-10 00:00:00,Tuesday,15,26,32,40,42,1,12,1,12
1773,2024-09-13 00:00:00,Friday,2,5,23,31,50,5,9,5,9
1774,2024-09-17 00:00:00,Tuesday,5,9,14,44,49,4,6,4,6
1775,2024-09-20 00:00:00,Friday,13,27,30,34,42,8,10,8,10
1776,2024-09-24 00:00:00,Tuesday,16,24,27,39,49,3,9,3,9
1777,2024-09-27 00:00:00,Friday,13,18,31,42,43,5,12,5,12
1778,2024-10-01 00:00:00,Tuesday,4,18,34,37,47,2,10,2,10
1779,2024-10-04 00:00:00,Friday,12,15,25,28,44,1,11,1,11
1780,2024-10-08 00:00:00,Tuesday,9,15,26,33,41,7,9,7,9
1781,2024-10-11 00:00:00,Friday,10,36,37,43,45,8,11,8,11
1782,2024-10-15 00:00:00,Tuesday,5,29,38,39,44,5,12,5,12
1783,2024-10-18 00:00:00,Friday,5,6,9,24,46,5,10,5,10
1784,2024-10-22 00:00:00,Tuesday,5,17,23,25,36,5,10,5,10
1785,2024-10-25 00:00:00,Friday,7,14,17,31,46,5,10,5,10
1786,2024-10-29 00:00:00,Tuesday,23,32,33,46,48,5,6,5,6
1787,2024-11-01 00:00:00,Friday,1,5,22,44,47,8,10,8,10
1788,2024-11-05 00:00:00,Tuesday,15,28,31,34,44,4,8,4,8
1789,2024-11-08 00:00:00,Friday,2,7,13,21,44,4,5,4,5
1790,2024-11-12 00:00:00,Tuesday,12,14,41,42,48,3,10,3,10
1791,2024-11-15 00:00:00,Friday,12,15,16,35,44,8,10,8,10
1792,2024-11-19 00:00:00,Tuesday,7,13,40,47,48,11,12,11,12
1793,2024-11-22 00:00:00,Friday,6,8,29,33,43,4,8,4,8
1794,2024-11-26 00:00:00,Tuesday,6,8,19,32,46,4,7,4,7
1795,2024-11-29 00:00:00,Friday,2,14,39,43,50,11,12,11,12
1796,2024-12-03 00:00:00,Tuesday,16,26,34,36,50,5,10,5,10
1797,2024-12-06 00:00:00,Friday,2,10,15,38,50,2,9,2,9
1798,2024-12-10 00:00:00,Tuesday,19,21,33,38,48,4,10,4,10
1799,2024-12-13 00:00:00,Friday,5,9,22,30,33,6,12,6,12
1800,2024-12-17 00:00:00,Tuesday,8,10,12,36,42,1,2,1,2
1801,2024-12-20 00:00:00,Friday,10,17,29,36,41,1,11,1,11
1802,2024-12-24 00:00:00,Tuesday,5,21,23,35,39,8,10,8,10
1803,2024-12-27 00:00:00,Friday,12,21,31,36,43,1,12,1,12
1804,2024-12-31 00:00:00,Tuesday,16,22,38,44,46,1,9,1,9
1805,2025-01-03 00:00:00,Friday,5,6,15,32,43,4,12,4,12
1806,2025-01-07 00:00:00,Tuesday,6,10,20,22,39,5,8,5,8
1807,2025-01-10 00:00:00,Friday,8,15,19,22,34,1,4,1,4
1808,2025-01-14 00:00:00,Tuesday,4,5,38,42,45,4,8,4,8
1809,2025-01-17 00:00:00,Friday,25,27,35,38,39,7,12,7,12
1810,2025-01-21 00:00:00,Tuesday,18,23,28,29,32,7,10,7,10
1811,2025-01-24 00:00:00,Friday,12,27,35,36,37,5,6,5,6
1812,2025-01-28 00:00:00,Tuesday,14,25,33,35,43,4,5,4,5
1813,2025-01-31 00:00:00,Friday,1,6,38,41,46,7,10,7,10
1814,2025-02-04 00:00:00,Tuesday,26,37,42,44,48,1,4,1,4
1815,2025-02-07 00:00:00,Friday,6,8,9,25,35,8,12,8,12
1816,2025-02-11 00:00:00,Tuesday,19,21,40,44,50,2,5,2,5
1817,2025-02-14 00:00:00,Friday,23,28,36,41,50,2,3,2,3
1818,2025-02-18 00:00:00,Tuesday,4,9,21,29,36,4,9,4,9
1819,2025-02-21 00:00:00,Friday,16,22,30,44,47,2,7,2,7
1820,2025-02-25 00:00:00,Tuesday,15,25,26,28,31,4,6,4,6
1821,2025-02-28 00:00:00,Friday,1,3,31,45,47,9,12,9,12
1822,2025-03-04 00:00:00,Tuesday,6,25,34,37,49,5,11,5,11
1823,2025-03-07 00:00:00,Friday,5,11,18,33,38,6,7,6,7
1824,2025-03-11 00:00:00,Tuesday,2,7,25,38,45,4,5,4,5
1825,2025-03-14 00:00:00,Friday,1,9,21,40,47,2,8,2,8
1826,2025-03-18 00:00:00,Tuesday,19,34,37,42,43,6,7,6,7
1827,2025-03-21 00:00:00,Friday,26,34,35,36,37,7,12,7,12
1828,2025-03-25 00:00:00,Tuesday,4,27,40,42,49,7,8,7,8
1829,2025-03-28 00:00:00,Friday,7,10,11,39,40,4,8,4,8
1830,2025-04-01 00:00:00,Tuesday,14,17,28,29,38,1,5,1,5
1831,2025-04-04 00:00:00,Friday,6,8,20,27,49,8,12,8,12
1832,2025-04-08 00:00:00,Tuesday,10,14,19,24,27,8,11,8,11
1833,2025-04-11 00:00:00,Friday,24,26,28,39,45,3,6,3,6
1834,2025-04-15 00:00:00,Tuesday,4,10,19,22,46,5,6,5,6
1835,2025-04-18 00:00:00,Friday,20,21,22,27,49,4,11,4,11
1836,2025-04-22 00:00:00,Tuesday,8,11,27,39,46,8,11,8,11
1837,2025-04-25 00:00:00,Friday,6,21,39,41,44,1,6,1,6
1838,2025-04-29 00:00:00,Tuesday,2,11,13,16,31,1,11,1,11
1839,2025-05-02 00:00:00,Friday,17,21,27,36,44,7,10,7,10
1840,2025-05-06 00:00:00,Tuesday,6,11,17,24,29,1,6,1,6
1841,2025-05-09 00:00:00,Friday,19,30,33,34,47,3,7,3,7
1842,2025-05-13 00:00:00,Tuesday,10,11,23,43,47,2,7,2,7
1843,2025-05-16 00:00:00,Friday,14,15,21,37,42,9,10,9,10
1844,2025-05-20 00:00:00,Tuesday,5,7,35,43,50,3,7,3,7
1845,2025-05-23 00:00:00,Friday,1,29,31,36,49,3,9,3,9
1846,2025-05-27 00:00:00,Tuesday,21,22,34,36,45,4,8,4,8
1847,2025-05-30 00:00:00,Friday,7,9,17,19,45,1,10,1,10
1848,2025-06-03 00:00:00,Tuesday,2,23,42,44,45,6,10,6,10
1849,2025-06-06 00:00:00,Friday,18,19,21,24,35,4,9,4,9
1850,2025-06-10 00:00:00,Tuesday,1,8,14,21,45,5,11,5,11
1851,2025-06-13 00:00:00,Friday,8,12,34,43,47,8,10,8,10
1852,2025-06-17 00:00:00,Tuesday,5,17,22,24,31,4,9,4,9
1853,2025-06-20 00:00:00,Friday,1,30,32,38,47,8,11,8,11
1854,2025-06-24 00:00:00,Tuesday,2,5,18,20,34,2,9,2,9
1855,2025-06-27 00:00:00,Friday,7,10,20,34,37,3,9,3,9
1856,2025-07-01 00:00:00,Tuesday,14,26,31,32,48,9,10,9,10
1857,2025-07-04 00:00:00,Friday,3,12,22,32,47,5,9,5,9
1858,2025-07-08 00:00:00,Tuesday,3,5,20,22,33,2,8,2,8
1859,2025-07-11 00:00:00,Friday,16,24,29,43,44,6,12,6,12
1860,2025-07-15 00:00:00,Tuesday,14,30,45,47,49,2,7,2,7
1861,2025-07-18 00:00:00,Friday,11,26,40,45,47,5,10,5,10
1862,2025-07-22 00:00:00,Tuesday,2,34,36,38,45,3,5,3,5
1863,2025-07-25 00:00:00,Friday,13,28,35,36,48,2,3,2,3
1864,2025-07-29 00:00:00,Tuesday,1,4,8,39,42,2,9,2,9
1865,2025-08-01 00:00:00,Friday,2,6,15,39,43,6,11,6,11
1866,2025-08-05 00:00:00,Tuesday,7,16,28,37,46,4,10,4,10
1867,2025-08-08 00:00:00,Friday,14,18,28,32,45,3,7,3,7
1868,2025-08-12 00:00:00,Tuesday,10,13,19,20,30,9,12,9,12
1869,2025-08-15 00:00:00,Friday,7,27,31,33,40,2,6,2,6
1870,2025-08-19 00:00:00,Tuesday,4,29,37,45,49,3,5,3,5
1871,2025-08-22 00:00:00,Friday,19,23,25,32,33,11,12,11,12
1872,2025-08-26 00:00:00,Tuesday,6,15,40,43,50,4,12,4,12
1873,2025-08-29 00:00:00,Friday,1,42,45,46,47,8,10,8,10
1874,2025-09-02 00:00:00,Tuesday,20,25,38,44,45,8,9,8,9
1875,2025-09-05 00:00:00,Friday,12,13,16,24,46,5,10,5,10
1876,2025-09-09 00:00:00,Tuesday,3,12,23,28,48,2,8,2,8
1877,2025-09-12 00:00:00,Friday,5,18,27,35,49,7,10,7,10
1878,2025-09-16 00:00:00,Tuesday,3,14,41,45,49,1,8,1,8
1879,2025-09-19 00:00:00,Friday,2,5,18,30,42,11,12,11,12
1880,2025-09-23 00:00:00,Tuesday,7,26,27,29,49,5,10,5,10
1881,2025-09-26 00:00:00,Friday,1,4,21,30,35,1,4,1,4
1882,2025-09-30 00:00:00,Tuesday,4,5,40,44,50,6,11,6,11
1883,2025-10-03 00:00:00,Friday,6,7,30,33,37,6,8,6,8
1884,2025-10-07 00:00:00,Tuesday,20,24,33,35,44,5,11,5,11
1885,2025-10-10 00:00:00,Friday,5,21,24,40,47,3,7,3,7
1886,2025-10-14 00:00:00,Tuesday,6,9,32,34,35,7,8,7,8
1887,2025-10-17 00:00:00,Friday,10,17,22,38,42,1,11,1,11
1888,2025-10-21 00:00:00,Tuesday,7,9,19,24,28,7,8,7,8
1889,2025-10-24 00:00:00,Friday,4,16,35,37,46,4,5,4,5
1890,2025-10-28 00:00:00,Tuesday,14,20,35,46,50,1,12,1,12
1891,2025-10-31 00:00:00,Friday,12,19,20,31,36,8,11,8,11
1892,2025-11-04 00:00:00,Tuesday,6,18,23,25,49,9,10,9,10
1893,2025-11-07 00:00:00,Friday,7,23,28,31,36,3,9,3,9
1894,2025-11-11 00:00:00,Tuesday,1,3,13,15,48,3,4,3,4
1895,2025-11-14 00:00:00,Friday,8,11,21,35,40,4,9,4,9
1896,2025-11-18 00:00:00,Tuesday,20,26,36,44,47,3,4,3,4
1897,2025-11-21 00:00:00,Friday,14,22,25,26,48,6,7,6,7
1898,2025-11-25 00:00:00,Tuesday,10,22,24,32,34,7,9,7,9
1899,2025-11-28 00:00:00,Friday,7,26,27,28,39,6,11,6,11
1900,2025-12-02 00:00:00,Tuesday,1,28,30,31,38,6,10,6,10
1901,2025-12-05 00:00:00,Friday,14,22,34,36,47,7,10,7,10
1902,2025-12-09 00:00:00,Tuesday,23,26,35,42,49,1,11,1,11
1903,2025-12-12 00:00:00,Friday,7,25,35,48,50,5,12,5,12
1904,2025-12-16 00:00:00,Tuesday,10,13,28,39,50,3,5,3,5
1905,2025-12-19 00:00:00,Friday,5,18,21,24,30,4,11,4,11
1906,2025-12-23 00:00:00,Tuesday,10,24,43,44,48,2,11,2,11
1907,2025-12-26 00:00:00,Friday,5,6,17,32,37,5,11,5,11
1908,2025-12-30 00:00:00,Tuesday,1,3,8,33,46,2,4,2,4
1909,2026-01-02 00:00:00,Friday,9,21,34,39,41,9,12,9,12
1910,2026-01-06 00:00:00,Tuesday,23,24,29,42,49,6,8,6,8
1911,2026-01-09 00:00:00,Friday,37,38,44,45,47,1,8,1,8
1912,2026-01-13 00:00:00,Tuesday,6,8,13,26,28,8,11,8,11
1913,2026-01-16 00:00:00,Friday,5,14,16,22,34,7,9,7,9
1914,2026-01-20 00:00:00,Tuesday,26,27,36,41,43,9,10,9,10
1915,2026-01-23 00:00:00,Friday,8,9,14,38,48,1,10,1,10
1916,2026-01-27 00:00:00,Tuesday,3,6,7,9,22,2,11,2,11
1917,2026-01-30 00:00:00,Friday,15,20,25,26,48,6,12,6,12
1918,2026-02-03 00:00:00,Tuesday,11,16,25,31,40,8,12,8,12
1919,2026-02-06 00:00:00,Friday,5,16,22,29,32,5,9,5,9
1920,2026-02-10 00:00:00,Tuesday,6,12,20,33,47,9,10,9,10
1921,2026-02-13 00:00:00,Friday,5,14,20,39,46,6,11,6,11
1922,2026-02-17 00:00:00,Tuesday,13,16,17,25,41,8,11,8,11
1923,2026-02-20 00:00:00,Friday,5,19,23,35,42,1,12,1,12
1924,2026-02-24 00:00:00,Tuesday,2,6,12,28,34,6,12,6,12
1925,2026-02-27 00:00:00,Friday,5,11,13,20,44,3,9,3,9
1926,2026-03-03 00:00:00,Tuesday,14,36,42,43,46,3,7,3,7
1927,2026-03-06 00:00:00,Friday,4,5,8,12,42,6,8,6,8
1928,2026-03-10 00:00:00,Tuesday,4,15,19,46,48,2,6,2,6
1929,2026-03-13 00:00:00,Friday,5,9,14,15,39,1,3,1,3
1930,2026-03-17 00:00:00,Tuesday,4,10,22,35,48,10,11,10,11
1931,2026-03-20 00:00:00,Friday,11,14,16,33,39,5,12,5,12
1932,2026-03-24 00:00:00,Tuesday,14,15,33,39,49,2,5,2,5
1933,2026-03-27 00:00:00,Friday,1,9,15,38,40,1,12,1,12
1934,2026-03-31 00:00:00,Tuesday,8,16,21,36,37,1,7,1,7
1935,2026-04-03 00:00:00,Friday,5,16,21,37,44,6,9,6,9
1936,2026-04-07 00:00:00,Tuesday,10,12,21,25,26,1,10,1,10
1937,2026-04-10 00:00:00,Friday,1,10,11,15,46,3,10,3,10
1938,2026-04-14 00:00:00,Tuesday,8,17,38,44,46,3,7,3,7
1939,2026-04-17 00:00:00,Friday,3,14,18,32,45,4,6,4,6
1940,2026-04-21 00:00:00,Tuesday,2,27,29,32,37,5,8,5,8
1941,2026-04-24 00:00:00,Friday,15,21,25,32,35,2,11,2,11
1942,2026-04-28 00:00:00,Tuesday,6,9,33,38,40,2,10,2,10
1943,2026-05-01 00:00:00,Friday,8,13,27,37,38,1,10,1,10
1944,2026-05-05 00:00:00,Tuesday,27,38,39,42,46,8,9,8,9
1945,2026-05-08 00:00:00,Friday,3,5,12,14,20,5,11,5,11
1946,2026-05-12 00:00:00,Tuesday,15,18,30,43,47,2,5,2,5
1947,2026-05-15 00:00:00,Friday,1,2,8,18,36,9,12,9,12
1948,2026-05-19 00:00:00,Tuesday,4,19,41,42,49,6,10,6,10
1949,2026-05-22 00:00:00,Friday,15,18,19,24,25,1,6,1,6
1950,2026-05-26 00:00:00,Tuesday,6,38,42,48,50,1,8,1,8
1951,2026-05-29 00:00:00,Friday,3,6,12,26,35,8,9,8,9
1952,2026-06-02 00:00:00,Tuesday,15,18,21,26,33,1,11,1,11
1953,2026-06-05 00:00:00,Friday,2,3,8,38,49,4,5,4,5
1954,2026-06-09 00:00:00,Tuesday,13,16,37,44,50,4,7,4,7
1955,2026-06-12 00:00:00,Friday,8,18,24,29,32,4,12,4,12
1956,2026-06-16 00:00:00,Tuesday,12,21,27,29,45,6,11,6,11
1957,2026-06-19 00:00:00,Friday,8,20,32,43,48,8,10,8,10
1958,2026-06-23 00:00:00,Tuesday,12,23,27,32,42,9,10,9,10
1959,2026-06-26 00:00:00,Friday,2,7,29,34,49,10,12,10,12
1960,2026-06-30 00:00:00,Tuesday,14,19,26,35,41,4,6,4,6
1961,2026-07-03 00:00:00,Friday,3,6,16,25,30,1,5,1,5
1962,2026-07-07 00:00:00,Tuesday,4,5,27,31,38,2,4,2,4
1963,2026-07-10 00:00:00,Friday,8,28,35,39,41,1,7,1,7
1964,2026-07-14 00:00:00,Tuesday,7,18,22,26,37,9,10,9,10
1965,2026-07-17 00:00:00,Friday,1,10,21,23,39,6,7,6,7
1966,2026-07-21 00:00:00,Tuesday,3,9,33,38,45,3,8,3,8
1967,2026-07-24 00:00:00,Friday,7,9,24,27,41,5,8,5,8
1968,2026-07-28 00:00:00,Tuesday,6,9,24,25,42,1,3,1,3
1969,2026-07-31 00:00:00,Friday,5,33,35,39,47,5,10,5,10
1970,2026-08-04 00:00:00,Tuesday,7,10,13,21,38,8,11,8,11
1971,2026-08-07 00:00:00,Friday,8,15,20,32,47,5,6,5,6
1972,2026-08-11 00:00:00,Tuesday,15,36,45,47,50,6,8,6,8
1973,2026-08-14 00:00:00,Friday,5,12,18,49,50,3,11,3,11
1974,2026-08-18 00:00:00,Tuesday,3,4,5,23,32,6,11,6,11
1975,2026-08-21 00:00:00,Friday,17,24,31,38,45,3,9,3,9
