draw_number,draw_date,day_of_week,ball_1,ball_2,ball_3,ball_4,ball_5,ball_6,bonus_ball
2066,2015-10-10 00:00:00,Saturday,2,8,16,18,41,48,15
2067,2015-10-14 00:00:00,Wednesday,7,9,35,44,48,58,6
2068,2015-10-17 00:00:00,Saturday,2,3,6,14,28,38,15
2069,2015-10-21 00:00:00,Wednesday,2,13,33,36,39,46,42
2070,2015-10-24 00:00:00,Saturday,15,27,29,35,38,45,18
2071,2015-10-28 00:00:00,Wednesday,1,11,49,52,56,59,45
2072,2015-10-31 00:00:00,Saturday,10,14,18,22,28,49,58
2073,2015-11-04 00:00:00,Wednesday,6,7,23,25,55,59,39
2074,2015-11-07 00:00:00,Saturday,3,17,30,35,47,52,8
2075,2015-11-11 00:00:00,Wednesday,6,19,25,36,41,54,40
2076,2015-11-14 00:00:00,Saturday,13,24,37,46,56,57,5
2077,2015-11-18 00:00:00,Wednesday,3,6,15,19,43,50,57
2078,2015-11-21 00:00:00,Saturday,7,18,25,30,41,56,24
2079,2015-11-25 00:00:00,Wednesday,11,14,18,23,24,43,45
2080,2015-11-28 00:00:00,Saturday,5,11,39,41,42,44,35
2081,2015-12-02 00:00:00,Wednesday,11,16,18,25,30,47,41
2082,2015-12-05 00:00:00,Saturday,15,21,36,44,45,54,50
2083,2015-12-09 00:00:00,Wednesday,3,4,15,50,52,53,21
2084,2015-12-12 00:00:00,Saturday,5,14,18,26,37,46,21
2085,2015-12-16 00:00:00,Wednesday,14,26,30,32,42,58,10
2086,2015-12-19 00:00:00,Saturday,9,16,17,35,36,48,59
2087,2015-12-23 00:00:00,Wednesday,24,26,28,38,48,58,15
2088,2015-12-26 00:00:00,Saturday,4,6,9,32,33,49,8
2089,2015-12-30 00:00:00,Wednesday,10,11,28,41,44,51,39
2090,2016-01-02 00:00:00,Saturday,5,25,30,34,39,58,17
2091,2016-01-06 00:00:00,Wednesday,1,8,36,44,47,56,58
2092,2016-01-09 00:00:00,Saturday,18,35,42,49,50,57,22
2093,2016-01-13 00:00:00,Wednesday,1,8,11,19,28,30,47
2094,2016-01-16 00:00:00,Saturday,12,17,33,47,49,57,56
2095,2016-01-20 00:00:00,Wednesday,7,20,41,54,56,59,57
2096,2016-01-23 00:00:00,Saturday,10,13,24,33,39,49,11
2097,2016-01-27 00:00:00,Wednesday,1,21,34,35,39,50,32
2098,2016-01-30 00:00:00,Saturday,2,8,20,24,52,54,16
2099,2016-02-03 00:00:00,Wednesday,4,6,16,37,55,57,47
2100,2016-02-06 00:00:00,Saturday,5,32,35,49,50,53,9
2101,2016-02-10 00:00:00,Wednesday,9,11,17,31,36,43,34
2102,2016-02-13 00:00:00,Saturday,14,28,35,39,49,56,47
2103,2016-02-17 00:00:00,Wednesday,13,20,26,43,45,46,42
2104,2016-02-20 00:00:00,Saturday,8,16,24,29,34,58,15
2105,2016-02-24 00:00:00,Wednesday,2,5,15,22,36,38,56
2106,2016-02-27 00:00:00,Saturday,1,4,5,15,41,46,59
2107,2016-03-02 00:00:00,Wednesday,3,5,22,56,58,59,33
2108,2016-03-05 00:00:00,Saturday,14,16,18,32,35,43,9
2109,2016-03-09 00:00:00,Wednesday,16,31,37,47,57,58,51
2110,2016-03-12 00:00:00,Saturday,7,13,27,31,52,55,43
2111,2016-03-16 00:00:00,Wednesday,23,27,28,30,47,59,4
2112,2016-03-19 00:00:00,Saturday,4,7,26,42,44,58,47
2113,2016-03-23 00:00:00,Wednesday,7,13,16,22,52,56,54
2114,2016-03-26 00:00:00,Saturday,9,12,18,28,29,35,30
2115,2016-03-30 00:00:00,Wednesday,5,16,29,36,52,56,7
2116,2016-04-02 00:00:00,Saturday,1,4,6,35,42,54,49
2117,2016-04-06 00:00:00,Wednesday,11,16,27,31,32,55,14
2118,2016-04-09 00:00:00,Saturday,1,4,11,25,26,56,55
2119,2016-04-13 00:00:00,Wednesday,17,19,28,30,51,58,45
2120,2016-04-16 00:00:00,Saturday,32,36,43,46,47,51,10
2121,2016-04-20 00:00:00,Wednesday,4,13,14,19,38,48,35
2122,2016-04-23 00:00:00,Saturday,4,21,38,48,56,59,31
2123,2016-04-27 00:00:00,Wednesday,4,11,33,34,55,59,6
2124,2016-04-30 00:00:00,Saturday,5,12,39,44,55,57,16
2125,2016-05-04 00:00:00,Wednesday,8,16,26,37,38,57,39
2126,2016-05-07 00:00:00,Saturday,3,6,27,38,40,43,37
2127,2016-05-11 00:00:00,Wednesday,14,17,21,34,43,46,58
2128,2016-05-14 00:00:00,Saturday,9,16,17,26,42,43,20
2129,2016-05-18 00:00:00,Wednesday,1,5,21,30,49,59,40
2130,2016-05-21 00:00:00,Saturday,5,7,14,33,35,37,17
2131,2016-05-25 00:00:00,Wednesday,5,9,16,23,24,57,19
2132,2016-05-28 00:00:00,Saturday,11,20,29,35,46,54,40
2133,2016-06-01 00:00:00,Wednesday,1,34,42,43,52,53,36
2134,2016-06-04 00:00:00,Saturday,7,8,9,17,20,43,57
2135,2016-06-08 00:00:00,Wednesday,10,18,19,36,39,48,14
2136,2016-06-11 00:00:00,Saturday,14,17,22,41,44,46,33
2137,2016-06-15 00:00:00,Wednesday,4,6,17,32,41,55,28
2138,2016-06-18 00:00:00,Saturday,1,3,18,22,50,54,9
2139,2016-06-22 00:00:00,Wednesday,11,17,29,36,41,48,46
2140,2016-06-25 00:00:00,Saturday,1,5,8,28,36,45,10
2141,2016-06-29 00:00:00,Wednesday,3,24,35,36,38,54,10
2142,2016-07-02 00:00:00,Saturday,3,9,20,24,28,51,57
2143,2016-07-06 00:00:00,Wednesday,14,16,23,43,44,58,7
2144,2016-07-09 00:00:00,Saturday,23,27,36,40,50,56,48
2145,2016-07-13 00:00:00,Wednesday,10,11,16,52,55,56,12
2146,2016-07-16 00:00:00,Saturday,2,12,22,27,48,57,51
2147,2016-07-20 00:00:00,Wednesday,27,43,48,52,56,58,16
2148,2016-07-23 00:00:00,Saturday,7,11,18,25,45,51,3
2149,2016-07-27 00:00:00,Wednesday,13,15,30,31,53,55,23
2150,2016-07-30 00:00:00,Saturday,15,20,51,53,55,56,2
2151,2016-08-03 00:00:00,Wednesday,5,13,18,22,26,43,50
2152,2016-08-06 00:00:00,Saturday,18,23,26,33,42,44,35
2153,2016-08-10 00:00:00,Wednesday,2,8,12,17,22,38,56
2154,2016-08-13 00:00:00,Saturday,3,7,23,28,39,47,51
2155,2016-08-17 00:00:00,Wednesday,8,21,25,28,33,39,37
2156,2016-08-20 00:00:00,Saturday,1,3,13,17,28,46,34
2157,2016-08-24 00:00:00,Wednesday,35,44,47,48,52,55,43
2158,2016-08-27 00:00:00,Saturday,5,13,22,24,28,43,40
2159,2016-08-31 00:00:00,Wednesday,8,20,21,43,47,55,33
2160,2016-09-03 00:00:00,Saturday,20,21,26,27,43,45,19
2161,2016-09-07 00:00:00,Wednesday,9,13,25,27,36,43,44
2162,2016-09-10 00:00:00,Saturday,12,20,37,40,48,58,26
2163,2016-09-14 00:00:00,Wednesday,1,14,19,20,36,54,28
2164,2016-09-17 00:00:00,Saturday,21,30,38,39,42,51,29
2165,2016-09-21 00:00:00,Wednesday,14,29,31,33,44,51,54
2166,2016-09-24 00:00:00,Saturday,6,11,19,33,43,48,57
2167,2016-09-28 00:00:00,Wednesday,6,22,40,41,49,53,16
2168,2016-10-01 00:00:00,Saturday,10,13,15,20,44,52,2
2169,2016-10-05 00:00:00,Wednesday,3,16,31,40,50,55,5
2170,2016-10-08 00:00:00,Saturday,13,27,30,37,41,57,46
2171,2016-10-12 00:00:00,Wednesday,10,16,25,26,32,45,42
2172,2016-10-15 00:00:00,Saturday,1,7,45,49,50,56,55
2173,2016-10-19 00:00:00,Wednesday,12,15,28,34,45,52,30
2174,2016-10-22 00:00:00,Saturday,4,8,16,30,36,55,9
2175,2016-10-26 00:00:00,Wednesday,30,34,36,39,43,52,21
2176,2016-10-29 00:00:00,Saturday,29,40,47,49,53,58,33
2177,2016-11-02 00:00:00,Wednesday,11,28,29,36,48,54,31
2178,2016-11-05 00:00:00,Saturday,16,17,29,41,49,54,18
2179,2016-11-09 00:00:00,Wednesday,16,32,34,41,50,59,18
2180,2016-11-12 00:00:00,Saturday,5,16,18,19,29,46,22
2181,2016-11-16 00:00:00,Wednesday,6,9,10,21,35,58,15
2182,2016-11-19 00:00:00,Saturday,5,10,14,25,45,46,27
2183,2016-11-23 00:00:00,Wednesday,4,22,27,30,35,59,14
2184,2016-11-26 00:00:00,Saturday,25,27,38,45,50,54,2
2185,2016-11-30 00:00:00,Wednesday,25,31,37,49,55,57,1
2186,2016-12-03 00:00:00,Saturday,20,23,25,49,54,55,27
2187,2016-12-07 00:00:00,Wednesday,35,39,48,52,58,59,15
2188,2016-12-10 00:00:00,Saturday,2,15,18,28,32,59,25
2189,2016-12-14 00:00:00,Wednesday,22,26,43,44,47,52,11
2190,2016-12-17 00:00:00,Saturday,2,9,30,35,40,54,26
2191,2016-12-21 00:00:00,Wednesday,2,6,37,38,42,43,28
2192,2016-12-24 00:00:00,Saturday,4,9,12,17,30,56,25
2193,2016-12-28 00:00:00,Wednesday,14,21,22,30,49,59,25
2194,2016-12-31 00:00:00,Saturday,17,18,27,49,54,57,6
2195,2017-01-04 00:00:00,Wednesday,2,4,23,31,35,48,15
2196,2017-01-07 00:00:00,Saturday,3,5,42,49,50,59,2
2197,2017-01-11 00:00:00,Wednesday,2,10,13,16,40,54,59
2198,2017-01-14 00:00:00,Saturday,8,9,14,31,37,43,30
2199,2017-01-18 00:00:00,Wednesday,11,17,24,39,45,50,54
2200,2017-01-21 00:00:00,Saturday,8,11,46,48,50,53,20
2201,2017-01-25 00:00:00,Wednesday,2,7,20,37,38,44,25
2202,2017-01-28 00:00:00,Saturday,5,13,26,38,45,46,41
2203,2017-02-01 00:00:00,Wednesday,7,16,20,44,45,50,39
2204,2017-02-04 00:00:00,Saturday,3,8,37,51,52,57,23
2205,2017-02-08 00:00:00,Wednesday,5,24,28,33,35,43,42
2206,2017-02-11 00:00:00,Saturday,1,22,27,32,53,55,7
2207,2017-02-15 00:00:00,Wednesday,24,28,30,41,46,54,10
2208,2017-02-18 00:00:00,Saturday,12,18,28,34,42,47,40
2209,2017-02-22 00:00:00,Wednesday,28,30,31,35,50,52,53
2210,2017-02-25 00:00:00,Saturday,16,18,21,38,47,55,6
2211,2017-03-01 00:00:00,Wednesday,16,18,29,30,49,57,37
2212,2017-03-04 00:00:00,Saturday,2,22,25,32,40,43,21
2213,2017-03-08 00:00:00,Wednesday,12,14,17,23,32,52,22
2214,2017-03-11 00:00:00,Saturday,18,36,39,45,57,59,1
2215,2017-03-15 00:00:00,Wednesday,6,13,16,27,34,47,32
2216,2017-03-18 00:00:00,Saturday,16,31,36,42,45,49,46
2217,2017-03-22 00:00:00,Wednesday,2,6,19,29,32,51,15
2218,2017-03-25 00:00:00,Saturday,16,20,26,38,43,45,24
2219,2017-03-29 00:00:00,Wednesday,23,28,31,34,36,48,58
2220,2017-04-01 00:00:00,Saturday,18,20,22,23,30,45,17
2221,2017-04-05 00:00:00,Wednesday,8,13,15,21,47,58,48
2222,2017-04-08 00:00:00,Saturday,12,13,14,35,45,49,48
2223,2017-04-12 00:00:00,Wednesday,18,31,34,38,47,49,39
2224,2017-04-15 00:00:00,Saturday,7,13,15,19,54,59,24
2225,2017-04-19 00:00:00,Wednesday,1,9,12,20,35,46,18
2226,2017-04-22 00:00:00,Saturday,3,4,9,19,36,45,41
2227,2017-04-26 00:00:00,Wednesday,1,7,32,37,49,56,19
2228,2017-04-29 00:00:00,Saturday,4,12,22,29,31,59,17
2229,2017-05-03 00:00:00,Wednesday,5,8,26,31,53,56,32
2230,2017-05-06 00:00:00,Saturday,4,5,10,37,41,44,54
2231,2017-05-10 00:00:00,Wednesday,6,8,16,20,37,52,36
2232,2017-05-13 00:00:00,Saturday,27,39,40,49,51,57,15
2233,2017-05-17 00:00:00,Wednesday,20,25,29,34,50,56,38
2234,2017-05-20 00:00:00,Saturday,4,20,28,37,40,56,48
2235,2017-05-24 00:00:00,Wednesday,7,14,17,41,49,57,43
2236,2017-05-27 00:00:00,Saturday,5,6,11,12,16,36,58
2237,2017-05-31 00:00:00,Wednesday,1,27,29,31,39,45,19
2238,2017-06-03 00:00:00,Saturday,3,15,19,45,46,57,30
2239,2017-06-07 00:00:00,Wednesday,5,15,17,44,51,55,41
2240,2017-06-10 00:00:00,Saturday,8,13,28,38,43,52,35
2241,2017-06-14 00:00:00,Wednesday,10,15,18,42,53,57,5
2242,2017-06-17 00:00:00,Saturday,4,11,20,39,48,51,53
2243,2017-06-21 00:00:00,Wednesday,8,19,29,30,37,45,20
2244,2017-06-24 00:00:00,Saturday,18,26,32,33,35,45,29
2245,2017-06-28 00:00:00,Wednesday,3,6,21,28,39,48,58
2246,2017-07-01 00:00:00,Saturday,2,6,15,17,44,54,37
2247,2017-07-05 00:00:00,Wednesday,2,18,38,44,49,53,37
2248,2017-07-08 00:00:00,Saturday,3,12,31,34,49,58,42
2249,2017-07-12 00:00:00,Wednesday,12,18,28,29,38,41,53
2250,2017-07-15 00:00:00,Saturday,6,22,23,27,31,32,21
2251,2017-07-19 00:00:00,Wednesday,7,11,22,27,43,55,45
2252,2017-07-22 00:00:00,Saturday,19,26,32,43,49,53,36
2253,2017-07-26 00:00:00,Wednesday,3,6,17,21,30,56,8
2254,2017-07-29 00:00:00,Saturday,1,26,33,50,53,56,43
2255,2017-08-02 00:00:00,Wednesday,4,13,27,30,35,56,34
2256,2017-08-05 00:00:00,Saturday,24,29,32,40,41,49,57
2257,2017-08-09 00:00:00,Wednesday,4,9,14,18,19,36,29
2258,2017-08-12 00:00:00,Saturday,2,8,32,41,45,57,39
2259,2017-08-16 00:00:00,Wednesday,11,16,20,36,46,52,1
2260,2017-08-19 00:00:00,Saturday,6,8,15,27,36,54,30
2261,2017-08-23 00:00:00,Wednesday,8,10,32,42,46,54,19
2262,2017-08-26 00:00:00,Saturday,18,27,31,33,46,54,55
2263,2017-08-30 00:00:00,Wednesday,10,13,16,25,30,36,39
2264,2017-09-02 00:00:00,Saturday,5,9,18,33,48,57,50
2265,2017-09-06 00:00:00,Wednesday,22,27,33,51,55,59,18
2266,2017-09-09 00:00:00,Saturday,1,19,20,47,53,54,38
2267,2017-09-13 00:00:00,Wednesday,10,29,32,38,43,56,35
2268,2017-09-16 00:00:00,Saturday,22,23,31,35,36,49,25
2269,2017-09-20 00:00:00,Wednesday,13,16,21,30,45,56,37
2270,2017-09-23 00:00:00,Saturday,3,15,25,27,50,55,21
2271,2017-09-27 00:00:00,Wednesday,25,31,46,48,52,55,43
2272,2017-09-30 00:00:00,Saturday,3,10,32,42,51,53,9
2273,2017-10-04 00:00:00,Wednesday,7,22,29,33,38,56,55
2274,2017-10-07 00:00:00,Saturday,1,10,27,30,34,47,42
2275,2017-10-11 00:00:00,Wednesday,5,10,17,22,31,51,40
2276,2017-10-14 00:00:00,Saturday,6,22,26,42,45,55,44
2277,2017-10-18 00:00:00,Wednesday,21,25,35,41,46,55,49
2278,2017-10-21 00:00:00,Saturday,3,5,32,35,40,56,16
2279,2017-10-25 00:00:00,Wednesday,6,15,19,41,44,48,28
2280,2017-10-28 00:00:00,Saturday,7,29,41,46,49,59,11
2281,2017-11-01 00:00:00,Wednesday,2,3,20,21,45,51,4
2282,2017-11-04 00:00:00,Saturday,10,16,19,23,24,28,34
2283,2017-11-08 00:00:00,Wednesday,11,12,27,37,44,51,55
2284,2017-11-11 00:00:00,Saturday,6,25,40,44,56,58,16
2285,2017-11-15 00:00:00,Wednesday,10,15,30,32,38,41,17
2286,2017-11-18 00:00:00,Saturday,1,17,30,43,52,59,19
2287,2017-11-22 00:00:00,Wednesday,5,11,23,29,35,44,38
2288,2017-11-25 00:00:00,Saturday,17,20,28,30,41,45,59
2289,2017-11-29 00:00:00,Wednesday,7,13,16,25,31,55,58
2290,2017-12-02 00:00:00,Saturday,19,23,37,45,56,59,2
2291,2017-12-06 00:00:00,Wednesday,1,18,26,37,43,54,44
2292,2017-12-09 00:00:00,Saturday,4,32,39,48,50,58,19
2293,2017-12-13 00:00:00,Wednesday,15,23,39,50,52,58,57
2294,2017-12-16 00:00:00,Saturday,13,17,40,41,44,49,47
2295,2017-12-20 00:00:00,Wednesday,9,41,43,44,50,54,7
2296,2017-12-23 00:00:00,Saturday,3,20,41,42,51,58,29
2297,2017-12-27 00:00:00,Wednesday,3,6,9,24,38,47,19
2298,2017-12-30 00:00:00,Saturday,9,12,13,21,27,48,51
2299,2018-01-03 00:00:00,Wednesday,18,24,33,34,35,57,11
2300,2018-01-06 00:00:00,Saturday,17,19,31,48,52,53,22
2301,2018-01-10 00:00:00,Wednesday,5,8,10,30,49,52,15
2302,2018-01-13 00:00:00,Saturday,26,44,47,52,56,58,36
2303,2018-01-17 00:00:00,Wednesday,1,6,17,24,26,51,35
2304,2018-01-20 00:00:00,Saturday,8,24,30,44,48,56,17
2305,2018-01-24 00:00:00,Wednesday,7,24,25,38,41,53,44
2306,2018-01-27 00:00:00,Saturday,2,15,21,31,36,40,56
2307,2018-01-31 00:00:00,Wednesday,5,15,30,41,42,53,45
2308,2018-02-03 00:00:00,Saturday,3,8,9,20,27,42,54
2309,2018-02-07 00:00:00,Wednesday,7,8,16,20,32,35,9
2310,2018-02-10 00:00:00,Saturday,24,25,30,43,45,48,35
2311,2018-02-14 00:00:00,Wednesday,10,27,38,47,48,59,42
2312,2018-02-17 00:00:00,Saturday,7,18,27,32,40,54,3
2313,2018-02-21 00:00:00,Wednesday,14,16,24,29,45,56,58
2314,2018-02-24 00:00:00,Saturday,7,23,24,35,42,44,4
2315,2018-02-28 00:00:00,Wednesday,8,13,18,26,53,55,30
2316,2018-03-03 00:00:00,Saturday,6,14,39,41,42,43,2
2317,2018-03-07 00:00:00,Wednesday,4,9,16,22,51,58,37
2318,2018-03-10 00:00:00,Saturday,5,14,36,49,54,59,38
2319,2018-03-14 00:00:00,Wednesday,14,15,22,50,53,56,10
2320,2018-03-17 00:00:00,Saturday,1,10,18,39,51,58,9
2321,2018-03-21 00:00:00,Wednesday,8,12,17,35,43,52,2
2322,2018-03-24 00:00:00,Saturday,1,9,16,23,51,56,38
2323,2018-03-28 00:00:00,Wednesday,2,4,9,12,17,21,48
2324,2018-03-31 00:00:00,Saturday,5,8,27,31,34,48,29
2325,2018-04-04 00:00:00,Wednesday,7,24,29,33,38,50,57
2326,2018-04-07 00:00:00,Saturday,3,15,40,43,47,51,34
2327,2018-04-11 00:00:00,Wednesday,2,4,20,30,31,42,26
2328,2018-04-14 00:00:00,Saturday,7,28,29,32,44,46,5
2329,2018-04-18 00:00:00,Wednesday,5,6,10,21,39,58,9
2330,2018-04-21 00:00:00,Saturday,18,36,38,40,41,46,21
2331,2018-04-25 00:00:00,Wednesday,19,25,30,33,34,39,58
2332,2018-04-28 00:00:00,Saturday,7,8,28,42,45,51,54
2333,2018-05-02 00:00:00,Wednesday,14,28,36,47,50,57,29
2334,2018-05-05 00:00:00,Saturday,15,22,27,30,53,57,26
2335,2018-05-09 00:00:00,Wednesday,7,21,27,28,47,56,43
2336,2018-05-12 00:00:00,Saturday,5,10,17,24,31,44,6
2337,2018-05-16 00:00:00,Wednesday,6,7,28,48,54,58,59
2338,2018-05-19 00:00:00,Saturday,4,9,24,36,38,52,56
2339,2018-05-23 00:00:00,Wednesday,8,22,23,27,36,43,57
2340,2018-05-26 00:00:00,Saturday,4,19,28,47,49,56,39
2341,2018-05-30 00:00:00,Wednesday,7,14,20,23,33,37,10
2342,2018-06-02 00:00:00,Saturday,7,15,23,31,43,55,36
2343,2018-06-06 00:00:00,Wednesday,8,15,18,24,37,49,52
2344,2018-06-09 00:00:00,Saturday,28,36,40,50,53,55,54
2345,2018-06-13 00:00:00,Wednesday,2,36,39,42,43,44,45
2346,2018-06-16 00:00:00,Saturday,2,12,18,45,49,59,20
2347,2018-06-20 00:00:00,Wednesday,1,10,12,22,23,59,37
2348,2018-06-23 00:00:00,Saturday,5,10,26,41,43,48,2
2349,2018-06-27 00:00:00,Wednesday,6,14,25,27,34,48,30
2350,2018-06-30 00:00:00,Saturday,11,20,21,22,24,47,50
2351,2018-07-04 00:00:00,Wednesday,4,6,10,11,37,39,49
2352,2018-07-07 00:00:00,Saturday,4,6,18,29,40,44,43
2353,2018-07-11 00:00:00,Wednesday,18,27,28,29,32,39,14
2354,2018-07-14 00:00:00,Saturday,8,23,28,33,49,57,19
2355,2018-07-18 00:00:00,Wednesday,32,34,38,43,44,59,20
2356,2018-07-21 00:00:00,Saturday,1,3,4,15,26,39,14
2357,2018-07-25 00:00:00,Wednesday,9,14,17,20,49,50,19
2358,2018-07-28 00:00:00,Saturday,1,8,21,28,32,48,12
2359,2018-08-01 00:00:00,Wednesday,9,15,25,33,35,46,36
2360,2018-08-04 00:00:00,Saturday,5,23,26,43,52,54,48
2361,2018-08-08 00:00:00,Wednesday,2,3,5,21,28,30,37
2362,2018-08-11 00:00:00,Saturday,26,27,28,37,41,46,19
2363,2018-08-15 00:00:00,Wednesday,2,8,11,21,26,52,40
2364,2018-08-18 00:00:00,Saturday,6,24,28,30,45,54,7
2365,2018-08-22 00:00:00,Wednesday,6,16,26,28,34,38,56
2366,2018-08-25 00:00:00,Saturday,15,20,22,48,56,59,50
2367,2018-08-29 00:00:00,Wednesday,5,8,11,33,34,41,57
2368,2018-09-01 00:00:00,Saturday,13,23,47,50,56,58,53
2369,2018-09-05 00:00:00,Wednesday,7,10,16,42,53,57,17
2370,2018-09-08 00:00:00,Saturday,10,12,13,39,49,55,42
2371,2018-09-12 00:00:00,Wednesday,5,12,30,32,41,50,49
2372,2018-09-15 00:00:00,Saturday,29,37,38,44,49,59,42
2373,2018-09-19 00:00:00,Wednesday,21,40,41,56,57,59,10
2374,2018-09-22 00:00:00,Saturday,5,20,29,31,41,59,51
2375,2018-09-26 00:00:00,Wednesday,4,5,18,23,33,38,20
2376,2018-09-29 00:00:00,Saturday,3,4,24,29,30,54,19
2377,2018-10-03 00:00:00,Wednesday,5,6,40,42,55,56,39
2378,2018-10-06 00:00:00,Saturday,25,30,33,36,38,51,48
2379,2018-10-10 00:00:00,Wednesday,3,29,37,42,52,58,13
2380,2018-10-13 00:00:00,Saturday,4,10,21,31,33,39,29
2381,2018-10-17 00:00:00,Wednesday,6,7,22,46,52,54,33
2382,2018-10-20 00:00:00,Saturday,3,12,16,29,42,46,54
2383,2018-10-24 00:00:00,Wednesday,11,24,34,40,55,59,19
2384,2018-10-27 00:00:00,Saturday,22,25,27,39,44,50,4
2385,2018-10-31 00:00:00,Wednesday,5,22,41,42,51,56,7
2386,2018-11-03 00:00:00,Saturday,17,19,25,36,44,47,43
2387,2018-11-07 00:00:00,Wednesday,6,10,22,39,56,59,38
2388,2018-11-10 00:00:00,Saturday,10,20,23,42,43,45,59
2389,2018-11-14 00:00:00,Wednesday,6,9,20,26,39,46,36
2390,2018-11-17 00:00:00,Saturday,9,22,25,42,51,53,43
2391,2018-11-21 00:00:00,Wednesday,6,34,44,45,48,54,42
2392,2018-11-24 00:00:00,Saturday,2,24,28,33,43,56,20
2393,2018-11-28 00:00:00,Wednesday,12,13,14,22,32,50,15
2394,2018-12-01 00:00:00,Saturday,5,9,10,19,51,55,7
2395,2018-12-05 00:00:00,Wednesday,33,34,35,48,50,54,3
2396,2018-12-08 00:00:00,Saturday,9,22,40,43,50,57,39
2397,2018-12-12 00:00:00,Wednesday,10,11,12,25,45,54,50
2398,2018-12-15 00:00:00,Saturday,3,11,29,40,47,52,27
2399,2018-12-19 00:00:00,Wednesday,16,24,29,40,44,47,19
2400,2018-12-22 00:00:00,Saturday,15,29,35,48,49,51,16
2401,2018-12-26 00:00:00,Wednesday,13,20,31,51,52,54,24
2402,2018-12-29 00:00:00,Saturday,19,29,30,37,44,50,55
2403,2019-01-02 00:00:00,Wednesday,11,25,27,33,34,53,13
2404,2019-01-05 00:00:00,Saturday,4,9,17,39,52,56,42
2405,2019-01-09 00:00:00,Wednesday,7,24,31,36,46,56,34
2406,2019-01-12 00:00:00,Saturday,6,8,11,19,49,55,18
2407,2019-01-16 00:00:00,Wednesday,10,28,29,33,54,58,6
2408,2019-01-19 00:00:00,Saturday,2,15,23,29,53,59,27
2409,2019-01-23 00:00:00,Wednesday,4,16,24,25,26,33,6
2410,2019-01-26 00:00:00,Saturday,2,7,15,21,24,54,46
2411,2019-01-30 00:00:00,Wednesday,3,9,10,22,42,51,19
2412,2019-02-02 00:00:00,Saturday,9,31,45,54,58,59,49
2413,2019-02-06 00:00:00,Wednesday,1,6,29,31,40,46,2
2414,2019-02-09 00:00:00,Saturday,10,14,17,36,47,54,39
2415,2019-02-13 00:00:00,Wednesday,8,16,19,28,34,50,20
2416,2019-02-16 00:00:00,Saturday,4,8,16,27,41,51,40
2417,2019-02-20 00:00:00,Wednesday,5,8,30,32,39,54,35
2418,2019-02-23 00:00:00,Saturday,2,16,33,37,41,46,10
2419,2019-02-27 00:00:00,Wednesday,1,16,19,23,28,40,37
2420,2019-03-02 00:00:00,Saturday,6,12,27,34,43,57,24
2421,2019-03-06 00:00:00,Wednesday,5,33,34,35,51,56,36
2422,2019-03-09 00:00:00,Saturday,2,3,25,31,41,56,58
2423,2019-03-13 00:00:00,Wednesday,2,17,23,24,48,51,5
2424,2019-03-16 00:00:00,Saturday,7,16,23,41,43,47,50
2425,2019-03-20 00:00:00,Wednesday,3,9,22,38,48,49,23
2426,2019-03-23 00:00:00,Saturday,12,22,35,42,53,54,50
2427,2019-03-27 00:00:00,Wednesday,12,30,31,41,44,45,52
2428,2019-03-30 00:00:00,Saturday,3,5,9,30,46,50,19
2429,2019-04-03 00:00:00,Wednesday,3,13,21,51,58,59,20
2430,2019-04-06 00:00:00,Saturday,17,26,31,33,35,53,3
2431,2019-04-10 00:00:00,Wednesday,13,19,23,42,49,50,4
2432,2019-04-13 00:00:00,Saturday,8,18,22,42,52,56,24
2433,2019-04-17 00:00:00,Wednesday,25,26,28,29,48,57,22
2434,2019-04-20 00:00:00,Saturday,12,24,32,45,52,58,34
2435,2019-04-24 00:00:00,Wednesday,6,18,28,47,52,57,55
2436,2019-04-27 00:00:00,Saturday,12,19,21,35,39,53,7
2437,2019-05-01 00:00:00,Wednesday,6,19,20,21,29,43,39
2438,2019-05-04 00:00:00,Saturday,11,23,28,29,45,46,55
2439,2019-05-08 00:00:00,Wednesday,3,23,28,40,47,56,18
2440,2019-05-11 00:00:00,Saturday,4,5,41,43,51,59,26
2441,2019-05-15 00:00:00,Wednesday,11,24,33,44,48,52,2
2442,2019-05-18 00:00:00,Saturday,10,29,39,44,51,55,3
2443,2019-05-22 00:00:00,Wednesday,5,9,16,24,42,50,54
2444,2019-05-25 00:00:00,Saturday,3,10,25,37,39,44,29
2445,2019-05-29 00:00:00,Wednesday,5,24,29,37,49,59,9
2446,2019-06-01 00:00:00,Saturday,18,21,24,26,34,42,16
2447,2019-06-05 00:00:00,Wednesday,2,8,12,32,34,48,25
2448,2019-06-08 00:00:00,Saturday,8,17,36,50,56,59,46
2449,2019-06-12 00:00:00,Wednesday,14,19,29,32,40,45,13
2450,2019-06-15 00:00:00,Saturday,5,8,9,12,29,55,46
2451,2019-06-19 00:00:00,Wednesday,6,21,29,44,52,55,43
2452,2019-06-22 00:00:00,Saturday,5,19,23,35,36,46,20
2453,2019-06-26 00:00:00,Wednesday,11,41,45,46,55,57,12
2454,2019-06-29 00:00:00,Saturday,8,13,15,24,33,51,59
2455,2019-07-03 00:00:00,Wednesday,2,9,16,24,32,51,36
2456,2019-07-06 00:00:00,Saturday,9,24,30,36,37,52,40
2457,2019-07-10 00:00:00,Wednesday,5,6,20,26,46,57,47
2458,2019-07-13 00:00:00,Saturday,27,31,34,50,53,57,37
2459,2019-07-17 00:00:00,Wednesday,5,9,21,29,42,59,30
2460,2019-07-20 00:00:00,Saturday,9,23,34,44,50,54,36
2461,2019-07-24 00:00:00,Wednesday,9,12,28,38,41,50,33
2462,2019-07-27 00:00:00,Saturday,4,8,34,54,56,59,10
2463,2019-07-31 00:00:00,Wednesday,11,15,20,21,46,58,23
2464,2019-08-03 00:00:00,Saturday,6,17,19,34,55,58,13
2465,2019-08-07 00:00:00,Wednesday,9,18,20,36,41,59,40
2466,2019-08-10 00:00:00,Saturday,6,11,33,35,38,42,54
2467,2019-08-14 00:00:00,Wednesday,10,11,39,40,43,47,22
2468,2019-08-17 00:00:00,Saturday,2,3,6,37,53,54,57
2469,2019-08-21 00:00:00,Wednesday,14,17,37,42,50,59,58
2470,2019-08-24 00:00:00,Saturday,2,27,32,37,40,41,56
2471,2019-08-28 00:00:00,Wednesday,16,19,20,31,35,42,52
2472,2019-08-31 00:00:00,Saturday,5,20,26,30,44,52,45
2473,2019-09-04 00:00:00,Wednesday,4,11,27,29,30,31,14
2474,2019-09-07 00:00:00,Saturday,10,21,22,39,46,56,47
2475,2019-09-11 00:00:00,Wednesday,9,23,24,26,49,56,33
2476,2019-09-14 00:00:00,Saturday,7,8,16,21,30,36,18
2477,2019-09-18 00:00:00,Wednesday,4,7,10,16,19,29,25
2478,2019-09-21 00:00:00,Saturday,11,16,27,40,53,56,21
2479,2019-09-25 00:00:00,Wednesday,11,13,21,37,47,49,32
2480,2019-09-28 00:00:00,Saturday,2,20,30,32,33,57,6
2481,2019-10-02 00:00:00,Wednesday,14,16,26,30,33,38,23
2482,2019-10-05 00:00:00,Saturday,4,19,32,39,54,59,42
2483,2019-10-09 00:00:00,Wednesday,1,7,19,31,35,44,28
2484,2019-10-12 00:00:00,Saturday,9,17,24,47,49,57,26
2485,2019-10-16 00:00:00,Wednesday,3,4,24,26,36,37,13
2486,2019-10-19 00:00:00,Saturday,5,19,24,25,33,36,29
2487,2019-10-23 00:00:00,Wednesday,18,36,40,44,49,53,55
2488,2019-10-26 00:00:00,Saturday,7,8,9,24,26,51,22
2489,2019-10-30 00:00:00,Wednesday,10,13,24,36,39,49,33
2490,2019-11-02 00:00:00,Saturday,3,9,26,33,56,57,46
2491,2019-11-06 00:00:00,Wednesday,10,22,30,31,34,52,39
2492,2019-11-09 00:00:00,Saturday,9,21,33,40,56,58,11
2493,2019-11-13 00:00:00,Wednesday,20,26,38,40,48,54,22
2494,2019-11-16 00:00:00,Saturday,32,33,35,46,54,59,37
2495,2019-11-20 00:00:00,Wednesday,2,20,22,24,31,53,44
2496,2019-11-23 00:00:00,Saturday,8,20,27,38,47,51,45
2497,2019-11-27 00:00:00,Wednesday,2,17,31,39,41,42,51
2498,2019-11-30 00:00:00,Saturday,4,15,37,38,47,50,58
2499,2019-12-04 00:00:00,Wednesday,11,31,34,40,41,47,50
2500,2019-12-07 00:00:00,Saturday,10,16,25,44,53,54,3
2501,2019-12-11 00:00:00,Wednesday,2,8,13,29,37,45,21
2502,2019-12-14 00:00:00,Saturday,10,14,27,45,57,59,33
2503,2019-12-18 00:00:00,Wednesday,31,40,48,50,55,56,47
2504,2019-12-21 00:00:00,Saturday,4,9,14,34,36,46,21
2505,2019-12-25 00:00:00,Wednesday,12,21,25,31,34,43,30
2506,2019-12-28 00:00:00,Saturday,22,23,35,44,58,59,50
2507,2020-01-01 00:00:00,Wednesday,42,44,45,47,52,56,17
2508,2020-01-04 00:00:00,Saturday,13,16,18,31,36,40,20
2509,2020-01-08 00:00:00,Wednesday,14,15,19,20,46,50,45
2510,2020-01-11 00:00:00,Saturday,21,23,31,32,36,46,51
2511,2020-01-15 00:00:00,Wednesday,8,18,19,37,44,47,35
2512,2020-01-18 00:00:00,Saturday,23,25,26,50,53,58,52
2513,2020-01-22 00:00:00,Wednesday,3,6,10,19,46,58,23
2514,2020-01-25 00:00:00,Saturday,14,17,29,31,42,48,13
2515,2020-01-29 00:00:00,Wednesday,18,35,36,45,53,57,9
2516,2020-02-01 00:00:00,Saturday,7,16,38,40,48,55,4
2517,2020-02-05 00:00:00,Wednesday,15,34,41,43,56,58,4
2518,2020-02-08 00:00:00,Saturday,7,22,27,31,46,59,44
2519,2020-02-12 00:00:00,Wednesday,1,9,11,27,36,50,42
2520,2020-02-15 00:00:00,Saturday,13,31,42,57,58,59,49
2521,2020-02-19 00:00:00,Wednesday,4,19,21,42,50,59,6
2522,2020-02-22 00:00:00,Saturday,15,35,37,42,47,48,3
2523,2020-02-26 00:00:00,Wednesday,3,12,27,54,58,59,26
2524,2020-02-29 00:00:00,Saturday,3,12,19,32,48,51,1
2525,2020-03-04 00:00:00,Wednesday,7,19,20,22,37,39,30
2526,2020-03-07 00:00:00,Saturday,9,32,33,34,35,42,30
2527,2020-03-11 00:00:00,Wednesday,8,11,13,18,22,52,47
2528,2020-03-14 00:00:00,Saturday,1,12,17,30,42,46,48
2529,2020-03-18 00:00:00,Wednesday,19,22,37,44,49,51,13
2530,2020-03-21 00:00:00,Saturday,12,26,40,41,53,55,28
2531,2020-03-25 00:00:00,Wednesday,6,7,21,26,33,43,12
2532,2020-03-28 00:00:00,Saturday,1,9,16,17,21,31,25
2533,2020-04-01 00:00:00,Wednesday,16,18,20,22,29,49,38
2534,2020-04-04 00:00:00,Saturday,1,17,24,37,42,47,45
2535,2020-04-08 00:00:00,Wednesday,4,8,16,20,30,43,11
2536,2020-04-11 00:00:00,Saturday,20,26,33,44,46,50,45
2537,2020-04-15 00:00:00,Wednesday,8,15,19,24,40,41,54
2538,2020-04-18 00:00:00,Saturday,9,10,30,31,39,48,24
2539,2020-04-22 00:00:00,Wednesday,27,31,35,36,45,49,52
2540,2020-04-25 00:00:00,Saturday,14,16,43,44,49,53,56
2541,2020-04-29 00:00:00,Wednesday,6,29,34,39,51,56,55
2542,2020-05-02 00:00:00,Saturday,4,5,8,24,37,46,36
2543,2020-05-06 00:00:00,Wednesday,10,13,33,35,37,58,11
2544,2020-05-09 00:00:00,Saturday,8,21,29,34,44,55,14
2545,2020-05-13 00:00:00,Wednesday,6,29,32,33,38,46,52
2546,2020-05-16 00:00:00,Saturday,4,9,27,30,33,58,37
2547,2020-05-20 00:00:00,Wednesday,4,20,30,36,44,52,47
2548,2020-05-23 00:00:00,Saturday,1,2,17,26,48,53,14
2549,2020-05-27 00:00:00,Wednesday,3,5,23,28,38,45,58
2550,2020-05-30 00:00:00,Saturday,3,4,5,19,31,35,27
2551,2020-06-03 00:00:00,Wednesday,9,12,42,47,50,58,55
2552,2020-06-06 00:00:00,Saturday,24,25,27,29,55,57,6
2553,2020-06-10 00:00:00,Wednesday,9,35,42,43,44,56,23
2554,2020-06-13 00:00:00,Saturday,8,9,12,26,34,35,47
2555,2020-06-17 00:00:00,Wednesday,1,2,15,20,49,54,30
2556,2020-06-20 00:00:00,Saturday,25,28,35,44,47,57,53
2557,2020-06-24 00:00:00,Wednesday,10,15,16,18,23,30,13
2558,2020-06-27 00:00:00,Saturday,3,8,47,49,52,57,43
2559,2020-07-01 00:00:00,Wednesday,2,14,16,27,40,50,5
2560,2020-07-04 00:00:00,Saturday,3,7,29,39,44,58,46
2561,2020-07-08 00:00:00,Wednesday,3,4,16,26,48,56,29
2562,2020-07-11 00:00:00,Saturday,4,14,15,35,49,50,9
2563,2020-07-15 00:00:00,Wednesday,15,19,33,37,47,53,21
2564,2020-07-18 00:00:00,Saturday,21,37,39,44,50,53,16
2565,2020-07-22 00:00:00,Wednesday,10,15,20,34,43,57,27
2566,2020-07-25 00:00:00,Saturday,4,18,20,36,38,48,12
2567,2020-07-29 00:00:00,Wednesday,4,28,32,36,41,44,23
2568,2020-08-01 00:00:00,Saturday,21,25,34,42,43,51,45
2569,2020-08-05 00:00:00,Wednesday,10,12,20,25,27,59,49
2570,2020-08-08 00:00:00,Saturday,15,16,20,31,35,55,46
2571,2020-08-12 00:00:00,Wednesday,4,10,27,30,36,52,54
2572,2020-08-15 00:00:00,Saturday,9,16,17,25,34,36,14
2573,2020-08-19 00:00:00,Wednesday,6,22,24,29,42,55,57
2574,2020-08-22 00:00:00,Saturday,4,13,18,35,47,54,25
2575,2020-08-26 00:00:00,Wednesday,3,5,13,39,44,58,52
2576,2020-08-29 00:00:00,Saturday,14,36,38,43,47,49,31
2577,2020-09-02 00:00:00,Wednesday,1,14,20,22,56,59,13
2578,2020-09-05 00:00:00,Saturday,8,16,31,48,49,59,45
2579,2020-09-09 00:00:00,Wednesday,14,16,26,36,39,46,21
2580,2020-09-12 00:00:00,Saturday,19,25,30,35,42,50,23
2581,2020-09-16 00:00:00,Wednesday,17,20,24,30,32,33,7
2582,2020-09-19 00:00:00,Saturday,21,31,47,49,52,54,14
2583,2020-09-23 00:00:00,Wednesday,3,15,21,24,27,37,48
2584,2020-09-26 00:00:00,Saturday,2,10,17,36,38,55,47
2585,2020-09-30 00:00:00,Wednesday,10,13,15,19,22,27,25
2586,2020-10-03 00:00:00,Saturday,16,32,36,37,42,54,44
2587,2020-10-07 00:00:00,Wednesday,17,22,32,47,49,53,42
2588,2020-10-10 00:00:00,Saturday,11,30,32,47,48,51,23
2589,2020-10-14 00:00:00,Wednesday,9,11,12,32,35,47,56
2590,2020-10-17 00:00:00,Saturday,3,4,5,34,42,54,53
2591,2020-10-21 00:00:00,Wednesday,1,4,9,27,43,49,41
2592,2020-10-24 00:00:00,Saturday,1,5,10,14,15,46,33
2593,2020-10-28 00:00:00,Wednesday,4,24,30,40,41,43,56
2594,2020-10-31 00:00:00,Saturday,1,2,31,32,43,59,35
2595,2020-11-04 00:00:00,Wednesday,1,2,27,34,36,47,18
2596,2020-11-07 00:00:00,Saturday,2,19,33,35,45,53,44
2597,2020-11-11 00:00:00,Wednesday,7,12,28,34,52,56,10
2598,2020-11-14 00:00:00,Saturday,13,16,17,34,40,53,23
2599,2020-11-18 00:00:00,Wednesday,6,18,24,26,51,57,30
2600,2020-11-21 00:00:00,Saturday,15,16,20,37,44,45,53
2601,2020-11-25 00:00:00,Wednesday,6,42,49,55,57,59,3
2602,2020-11-28 00:00:00,Saturday,6,25,26,31,36,57,4
2603,2020-12-02 00:00:00,Wednesday,1,6,11,32,41,45,28
2604,2020-12-05 00:00:00,Saturday,7,22,37,42,51,55,34
2605,2020-12-09 00:00:00,Wednesday,3,14,15,37,45,59,31
2606,2020-12-12 00:00:00,Saturday,3,5,18,35,44,59,37
2607,2020-12-16 00:00:00,Wednesday,2,3,12,21,43,55,14
2608,2020-12-19 00:00:00,Saturday,10,38,46,49,53,56,26
2609,2020-12-23 00:00:00,Wednesday,5,11,16,20,37,56,25
2610,2020-12-26 00:00:00,Saturday,22,25,35,44,49,58,48
2611,2020-12-30 00:00:00,Wednesday,6,9,33,45,47,51,48
2612,2021-01-02 00:00:00,Saturday,4,7,15,23,28,54,5
2613,2021-01-06 00:00:00,Wednesday,22,26,39,40,50,58,57
2614,2021-01-09 00:00:00,Saturday,2,18,21,29,41,51,32
2615,2021-01-13 00:00:00,Wednesday,12,15,23,25,28,36,44
2616,2021-01-16 00:00:00,Saturday,6,25,38,40,43,50,19
2617,2021-01-20 00:00:00,Wednesday,5,6,16,18,46,52,10
2618,2021-01-23 00:00:00,Saturday,10,25,41,46,48,51,59
2619,2021-01-27 00:00:00,Wednesday,1,6,7,20,21,24,29
2620,2021-01-30 00:00:00,Saturday,6,7,9,18,24,49,12
2621,2021-02-03 00:00:00,Wednesday,27,28,29,33,36,57,7
2622,2021-02-06 00:00:00,Saturday,2,6,23,36,39,58,54
2623,2021-02-10 00:00:00,Wednesday,1,19,21,25,51,56,27
2624,2021-02-13 00:00:00,Saturday,6,16,25,36,47,50,37
2625,2021-02-17 00:00:00,Wednesday,9,11,25,34,44,58,18
2626,2021-02-20 00:00:00,Saturday,5,10,11,18,20,32,28
2627,2021-02-24 00:00:00,Wednesday,5,18,20,27,31,51,24
2628,2021-02-27 00:00:00,Saturday,16,17,32,39,41,47,40
2629,2021-03-03 00:00:00,Wednesday,1,7,9,13,20,30,26
2630,2021-03-06 00:00:00,Saturday,22,25,40,52,54,59,29
2631,2021-03-10 00:00:00,Wednesday,22,28,39,42,53,57,9
2632,2021-03-13 00:00:00,Saturday,13,20,21,31,39,45,58
2633,2021-03-17 00:00:00,Wednesday,12,19,21,26,45,48,41
2634,2021-03-20 00:00:00,Saturday,16,21,25,32,37,51,18
2635,2021-03-24 00:00:00,Wednesday,8,24,26,37,51,53,13
2636,2021-03-27 00:00:00,Saturday,12,35,36,38,44,50,2
2637,2021-03-31 00:00:00,Wednesday,14,29,30,46,47,52,19
2638,2021-04-03 00:00:00,Saturday,5,45,51,53,54,55,59
2639,2021-04-07 00:00:00,Wednesday,9,20,27,32,41,44,16
2640,2021-04-10 00:00:00,Saturday,10,17,28,43,46,51,25
2641,2021-04-14 00:00:00,Wednesday,5,26,29,31,38,39,35
2642,2021-04-17 00:00:00,Saturday,3,27,33,35,45,56,51
2643,2021-04-21 00:00:00,Wednesday,24,35,39,41,45,52,6
2644,2021-04-24 00:00:00,Saturday,7,16,23,43,50,56,11
2645,2021-04-28 00:00:00,Wednesday,3,37,40,42,44,59,55
2646,2021-05-01 00:00:00,Saturday,7,22,26,28,49,51,1
2647,2021-05-05 00:00:00,Wednesday,7,15,17,33,34,48,36
2648,2021-05-08 00:00:00,Saturday,15,24,29,37,38,45,26
2649,2021-05-12 00:00:00,Wednesday,30,33,38,44,45,50,10
2650,2021-05-15 00:00:00,Saturday,2,7,19,23,27,31,6
2651,2021-05-19 00:00:00,Wednesday,8,10,20,23,47,54,22
2652,2021-05-22 00:00:00,Saturday,14,23,30,31,34,51,55
2653,2021-05-26 00:00:00,Wednesday,7,21,29,45,47,58,5
2654,2021-05-29 00:00:00,Saturday,2,3,8,20,46,52,22
2655,2021-06-02 00:00:00,Wednesday,7,11,42,44,48,52,16
2656,2021-06-05 00:00:00,Saturday,11,12,22,34,36,57,28
2657,2021-06-09 00:00:00,Wednesday,12,15,26,30,41,52,54
2658,2021-06-12 00:00:00,Saturday,2,26,28,41,43,48,40
2659,2021-06-16 00:00:00,Wednesday,13,25,28,29,38,57,1
2660,2021-06-19 00:00:00,Saturday,14,18,46,49,58,59,52
2661,2021-06-23 00:00:00,Wednesday,5,7,35,37,51,52,12
2662,2021-06-26 00:00:00,Saturday,8,13,17,21,24,30,43
2663,2021-06-30 00:00:00,Wednesday,21,32,34,39,41,56,25
2664,2021-07-03 00:00:00,Saturday,8,23,26,38,40,55,30
2665,2021-07-07 00:00:00,Wednesday,12,40,44,46,52,53,20
2666,2021-07-10 00:00:00,Saturday,6,9,38,40,44,59,21
2667,2021-07-14 00:00:00,Wednesday,8,12,16,20,24,59,45
2668,2021-07-17 00:00:00,Saturday,9,10,25,27,33,39,37
2669,2021-07-21 00:00:00,Wednesday,12,25,28,32,35,41,45
2670,2021-07-24 00:00:00,Saturday,11,12,32,36,42,59,19
2671,2021-07-28 00:00:00,Wednesday,9,12,21,29,40,54,4
2672,2021-07-31 00:00:00,Saturday,1,9,13,23,32,56,53
2673,2021-08-04 00:00:00,Wednesday,25,27,32,33,36,42,44
2674,2021-08-07 00:00:00,Saturday,27,29,32,46,54,59,11
2675,2021-08-11 00:00:00,Wednesday,2,6,15,37,49,51,19
2676,2021-08-14 00:00:00,Saturday,3,11,15,18,19,35,50
2677,2021-08-18 00:00:00,Wednesday,30,32,37,48,50,56,36
2678,2021-08-21 00:00:00,Saturday,8,18,33,37,50,58,35
2679,2021-08-25 00:00:00,Wednesday,3,24,35,49,53,59,55
2680,2021-08-28 00:00:00,Saturday,7,14,28,29,35,47,48
2681,2021-09-01 00:00:00,Wednesday,3,16,20,42,49,54,29
2682,2021-09-04 00:00:00,Saturday,6,17,23,29,53,56,8
2683,2021-09-08 00:00:00,Wednesday,14,16,48,50,52,58,38
2684,2021-09-11 00:00:00,Saturday,23,40,41,45,46,56,28
2685,2021-09-15 00:00:00,Wednesday,9,11,14,40,51,53,55
2686,2021-09-18 00:00:00,Saturday,4,18,23,35,37,52,39
2687,2021-09-22 00:00:00,Wednesday,11,19,21,35,46,55,37
2688,2021-09-25 00:00:00,Saturday,7,18,33,44,53,55,9
2689,2021-09-29 00:00:00,Wednesday,4,18,27,42,49,51,9
2690,2021-10-02 00:00:00,Saturday,9,10,16,45,46,56,21
2691,2021-10-06 00:00:00,Wednesday,16,26,44,49,54,59,32
2692,2021-10-09 00:00:00,Saturday,10,18,27,37,41,57,25
2693,2021-10-13 00:00:00,Wednesday,5,6,29,41,50,51,26
2694,2021-10-16 00:00:00,Saturday,18,24,30,33,45,48,32
2695,2021-10-20 00:00:00,Wednesday,1,21,38,47,50,56,6
2696,2021-10-23 00:00:00,Saturday,23,30,41,43,45,47,5
2697,2021-10-27 00:00:00,Wednesday,14,26,28,35,51,53,56
2698,2021-10-30 00:00:00,Saturday,18,19,21,22,32,54,36
2699,2021-11-03 00:00:00,Wednesday,9,32,37,51,55,59,22
2700,2021-11-06 00:00:00,Saturday,3,4,7,44,49,58,41
2701,2021-11-10 00:00:00,Wednesday,2,8,11,30,51,54,29
2702,2021-11-13 00:00:00,Saturday,1,9,13,28,30,45,42
2703,2021-11-17 00:00:00,Wednesday,6,11,18,20,42,56,24
2704,2021-11-20 00:00:00,Saturday,6,11,17,24,42,43,4
2705,2021-11-24 00:00:00,Wednesday,20,26,41,45,47,49,15
2706,2021-11-27 00:00:00,Saturday,1,6,7,28,42,46,14
2707,2021-12-01 00:00:00,Wednesday,5,9,15,31,34,38,44
2708,2021-12-04 00:00:00,Saturday,1,22,29,45,53,58,8
2709,2021-12-08 00:00:00,Wednesday,5,9,28,31,45,56,15
2710,2021-12-11 00:00:00,Saturday,6,7,25,47,52,55,21
2711,2021-12-15 00:00:00,Wednesday,9,20,24,25,50,57,53
2712,2021-12-18 00:00:00,Saturday,9,10,42,44,49,56,5
2713,2021-12-22 00:00:00,Wednesday,1,11,34,37,40,42,29
2714,2021-12-25 00:00:00,Saturday,10,14,23,41,47,48,27
2715,2021-12-29 00:00:00,Wednesday,6,14,29,40,44,56,7
2716,2022-01-01 00:00:00,Saturday,8,9,25,38,47,49,23
2717,2022-01-05 00:00:00,Wednesday,9,16,18,21,28,51,42
2718,2022-01-08 00:00:00,Saturday,6,16,36,39,47,56,55
2719,2022-01-12 00:00:00,Wednesday,2,19,43,45,50,55,20
2720,2022-01-15 00:00:00,Saturday,13,14,33,34,39,48,26
2721,2022-01-19 00:00:00,Wednesday,4,16,19,42,51,56,32
2722,2022-01-22 00:00:00,Saturday,8,16,25,32,39,41,5
2723,2022-01-26 00:00:00,Wednesday,1,9,21,24,34,57,25
2724,2022-01-29 00:00:00,Saturday,24,27,35,37,54,56,44
2725,2022-02-02 00:00:00,Wednesday,2,5,12,31,49,50,38
2726,2022-02-05 00:00:00,Saturday,1,3,4,5,14,17,51
2727,2022-02-09 00:00:00,Wednesday,19,26,33,41,46,58,50
2728,2022-02-12 00:00:00,Saturday,6,26,27,28,41,45,35
2729,2022-02-16 00:00:00,Wednesday,6,10,18,20,35,40,55
2730,2022-02-19 00:00:00,Saturday,10,14,21,33,35,52,26
2731,2022-02-23 00:00:00,Wednesday,38,41,42,44,49,54,55
2732,2022-02-26 00:00:00,Saturday,5,16,20,28,45,47,4
2733,2022-03-02 00:00:00,Wednesday,6,8,16,28,30,40,39
2734,2022-03-05 00:00:00,Saturday,4,20,43,48,56,57,12
2735,2022-03-09 00:00:00,Wednesday,1,8,9,45,46,58,11
2736,2022-03-12 00:00:00,Saturday,23,32,34,51,53,57,47
2737,2022-03-16 00:00:00,Wednesday,9,11,17,24,48,50,18
2738,2022-03-19 00:00:00,Saturday,2,8,22,47,50,57,52
2739,2022-03-23 00:00:00,Wednesday,5,17,18,28,34,46,37
2740,2022-03-26 00:00:00,Saturday,5,24,30,32,33,41,4
2741,2022-03-30 00:00:00,Wednesday,11,24,32,37,55,56,17
2742,2022-04-02 00:00:00,Saturday,7,8,37,44,47,50,15
2743,2022-04-06 00:00:00,Wednesday,1,3,33,48,55,57,16
2744,2022-04-09 00:00:00,Saturday,3,10,12,24,25,31,59
2745,2022-04-13 00:00:00,Wednesday,27,36,42,46,48,52,15
2746,2022-04-16 00:00:00,Saturday,16,18,21,27,47,59,53
2747,2022-04-20 00:00:00,Wednesday,5,8,24,33,37,44,4
2748,2022-04-23 00:00:00,Saturday,3,12,15,26,34,52,5
2749,2022-04-27 00:00:00,Wednesday,19,20,30,50,56,57,21
2750,2022-04-30 00:00:00,Saturday,1,6,13,24,30,36,19
2751,2022-05-04 00:00:00,Wednesday,16,20,37,40,48,51,30
2752,2022-05-07 00:00:00,Saturday,13,24,32,38,50,56,47
2753,2022-05-11 00:00:00,Wednesday,10,16,35,49,51,58,1
2754,2022-05-14 00:00:00,Saturday,2,15,23,27,35,41,45
2755,2022-05-18 00:00:00,Wednesday,1,22,43,49,57,58,25
2756,2022-05-21 00:00:00,Saturday,7,14,20,47,48,55,34
2757,2022-05-25 00:00:00,Wednesday,4,10,16,27,32,46,18
2758,2022-05-28 00:00:00,Saturday,3,6,15,27,34,55,45
2759,2022-06-01 00:00:00,Wednesday,6,24,30,38,48,58,7
2760,2022-06-04 00:00:00,Saturday,5,9,26,33,41,53,38
2761,2022-06-08 00:00:00,Wednesday,4,9,16,28,37,43,19
2762,2022-06-11 00:00:00,Saturday,17,21,26,45,52,55,48
2763,2022-06-15 00:00:00,Wednesday,5,15,18,21,29,59,13
2764,2022-06-18 00:00:00,Saturday,7,9,10,38,50,58,55
2765,2022-06-22 00:00:00,Wednesday,8,11,21,27,29,30,35
2766,2022-06-25 00:00:00,Saturday,14,20,23,29,30,50,17
2767,2022-06-29 00:00:00,Wednesday,6,8,11,44,52,55,20
2768,2022-07-02 00:00:00,Saturday,3,14,39,45,46,53,21
2769,2022-07-06 00:00:00,Wednesday,6,10,16,23,26,46,33
2770,2022-07-09 00:00:00,Saturday,4,12,17,20,44,53,2
2771,2022-07-13 00:00:00,Wednesday,26,29,36,48,55,56,16
2772,2022-07-16 00:00:00,Saturday,7,9,30,51,52,59,8
2773,2022-07-20 00:00:00,Wednesday,1,4,9,15,50,54,13
2774,2022-07-23 00:00:00,Saturday,24,26,41,42,44,53,6
2775,2022-07-27 00:00:00,Wednesday,2,5,17,38,53,59,55
2776,2022-07-30 00:00:00,Saturday,9,13,29,42,52,58,6
2777,2022-08-03 00:00:00,Wednesday,8,22,52,54,55,58,3
2778,2022-08-06 00:00:00,Saturday,4,11,28,30,37,53,47
2779,2022-08-10 00:00:00,Wednesday,2,25,26,28,32,44,12
2780,2022-08-13 00:00:00,Saturday,12,14,18,23,29,56,10
2781,2022-08-17 00:00:00,Wednesday,3,16,40,42,57,58,19
2782,2022-08-20 00:00:00,Saturday,4,27,31,32,36,57,6
2783,2022-08-24 00:00:00,Wednesday,9,13,18,25,27,42,52
2784,2022-08-27 00:00:00,Saturday,16,34,35,41,51,52,2
2785,2022-08-31 00:00:00,Wednesday,23,25,31,35,46,51,58
2786,2022-09-03 00:00:00,Saturday,21,23,25,32,33,37,18
2787,2022-09-07 00:00:00,Wednesday,2,12,15,21,39,58,52
2788,2022-09-10 00:00:00,Saturday,4,18,31,34,50,52,23
2789,2022-09-14 00:00:00,Wednesday,7,11,15,16,38,50,43
2790,2022-09-17 00:00:00,Saturday,16,18,35,48,51,53,4
2791,2022-09-21 00:00:00,Wednesday,15,25,37,49,52,55,23
2792,2022-09-24 00:00:00,Saturday,12,16,38,54,55,57,21
2793,2022-09-28 00:00:00,Wednesday,2,23,38,45,48,52,46
2794,2022-10-01 00:00:00,Saturday,10,23,37,45,56,57,13
2795,2022-10-05 00:00:00,Wednesday,20,32,35,52,54,57,12
2796,2022-10-08 00:00:00,Saturday,3,4,6,15,32,39,55
2797,2022-10-12 00:00:00,Wednesday,1,2,22,31,34,40,13
2798,2022-10-15 00:00:00,Saturday,9,12,22,46,52,59,21
2799,2022-10-19 00:00:00,Wednesday,2,4,10,38,46,57,50
2800,2022-10-22 00:00:00,Saturday,5,8,24,34,55,56,58
2801,2022-10-26 00:00:00,Wednesday,7,22,26,38,43,46,20
2802,2022-10-29 00:00:00,Saturday,9,11,21,28,47,51,41
2803,2022-11-02 00:00:00,Wednesday,12,21,32,36,42,46,45
2804,2022-11-05 00:00:00,Saturday,15,23,40,43,51,57,38
2805,2022-11-09 00:00:00,Wednesday,12,20,25,45,47,53,19
2806,2022-11-12 00:00:00,Saturday,1,9,12,37,45,47,26
2807,2022-11-16 00:00:00,Wednesday,3,12,37,39,50,55,21
2808,2022-11-19 00:00:00,Saturday,15,37,40,41,52,59,7
2809,2022-11-23 00:00:00,Wednesday,5,10,16,22,32,48,23
2810,2022-11-26 00:00:00,Saturday,6,11,21,41,46,53,43
2811,2022-11-30 00:00:00,Wednesday,1,22,29,41,47,57,17
2812,2022-12-03 00:00:00,Saturday,5,14,16,17,23,45,51
2813,2022-12-07 00:00:00,Wednesday,1,4,7,25,29,47,58
2814,2022-12-10 00:00:00,Saturday,11,25,27,32,57,59,23
2815,2022-12-14 00:00:00,Wednesday,7,25,31,35,51,54,37
2816,2022-12-17 00:00:00,Saturday,11,15,29,42,44,49,5
2817,2022-12-21 00:00:00,Wednesday,2,3,19,21,52,55,17
2818,2022-12-24 00:00:00,Saturday,5,7,11,22,25,56,47
2819,2022-12-28 00:00:00,Wednesday,5,6,22,36,39,40,31
2820,2022-12-31 00:00:00,Saturday,2,11,28,39,42,46,57
2821,2023-01-04 00:00:00,Wednesday,4,7,11,13,14,22,27
2822,2023-01-07 00:00:00,Saturday,17,35,36,45,47,57,43
2823,2023-01-11 00:00:00,Wednesday,4,7,16,19,20,26,37
2824,2023-01-14 00:00:00,Saturday,4,10,24,32,36,54,1
2825,2023-01-18 00:00:00,Wednesday,6,19,28,41,43,53,39
2826,2023-01-21 00:00:00,Saturday,2,7,11,13,14,31,41
2827,2023-01-25 00:00:00,Wednesday,6,8,19,20,31,55,51
2828,2023-01-28 00:00:00,Saturday,6,17,26,31,32,43,42
2829,2023-02-01 00:00:00,Wednesday,12,24,25,35,56,58,57
2830,2023-02-04 00:00:00,Saturday,3,17,29,30,57,59,15
2831,2023-02-08 00:00:00,Wednesday,4,10,18,37,49,54,45
2832,2023-02-11 00:00:00,Saturday,6,7,23,43,52,59,35
2833,2023-02-15 00:00:00,Wednesday,4,15,27,36,38,49,25
2834,2023-02-18 00:00:00,Saturday,27,31,34,35,44,53,37
2835,2023-02-22 00:00:00,Wednesday,6,16,20,26,31,57,46
2836,2023-02-25 00:00:00,Saturday,3,33,34,37,52,57,44
2837,2023-03-01 00:00:00,Wednesday,8,10,12,29,40,49,11
2838,2023-03-04 00:00:00,Saturday,3,9,13,14,28,52,6
2839,2023-03-08 00:00:00,Wednesday,10,13,28,41,44,53,39
2840,2023-03-11 00:00:00,Saturday,5,6,17,21,47,52,25
2841,2023-03-15 00:00:00,Wednesday,18,21,26,36,55,59,34
2842,2023-03-18 00:00:00,Saturday,1,30,40,45,51,56,38
2843,2023-03-22 00:00:00,Wednesday,8,10,27,34,51,57,54
2844,2023-03-25 00:00:00,Saturday,7,37,38,49,55,58,59
2845,2023-03-29 00:00:00,Wednesday,7,19,23,35,50,51,27
2846,2023-04-01 00:00:00,Saturday,17,25,32,37,39,42,31
2847,2023-04-05 00:00:00,Wednesday,3,10,12,18,26,40,39
2848,2023-04-08 00:00:00,Saturday,3,22,26,44,45,57,58
2849,2023-04-12 00:00:00,Wednesday,4,16,18,24,31,48,2
2850,2023-04-15 00:00:00,Saturday,18,20,22,51,53,56,32
2851,2023-04-19 00:00:00,Wednesday,7,9,15,44,45,55,20
2852,2023-04-22 00:00:00,Saturday,18,21,29,48,50,53,47
2853,2023-04-26 00:00:00,Wednesday,6,13,27,29,39,42,14
2854,2023-04-29 00:00:00,Saturday,27,32,48,49,53,59,34
2855,2023-05-03 00:00:00,Wednesday,4,24,33,51,53,56,11
2856,2023-05-06 00:00:00,Saturday,5,9,20,26,33,46,50
2857,2023-05-10 00:00:00,Wednesday,2,12,34,37,55,57,13
2858,2023-05-13 00:00:00,Saturday,4,13,16,54,57,58,3
2859,2023-05-17 00:00:00,Wednesday,4,13,18,24,30,46,57
2860,2023-05-20 00:00:00,Saturday,8,26,30,33,41,53,44
2861,2023-05-24 00:00:00,Wednesday,2,16,24,29,32,39,12
2862,2023-05-27 00:00:00,Saturday,23,31,36,38,55,56,11
2863,2023-05-31 00:00:00,Wednesday,17,45,48,54,58,59,6
2864,2023-06-03 00:00:00,Saturday,2,4,11,19,25,37,50
2865,2023-06-07 00:00:00,Wednesday,14,15,42,44,55,57,59
2866,2023-06-10 00:00:00,Saturday,2,18,27,33,42,50,54
2867,2023-06-14 00:00:00,Wednesday,1,9,12,31,42,44,39
2868,2023-06-17 00:00:00,Saturday,1,15,17,39,52,59,20
2869,2023-06-21 00:00:00,Wednesday,18,25,28,42,46,59,23
2870,2023-06-24 00:00:00,Saturday,14,17,20,30,44,59,34
2871,2023-06-28 00:00:00,Wednesday,1,7,26,38,40,53,33
2872,2023-07-01 00:00:00,Saturday,24,36,42,43,54,58,39
2873,2023-07-05 00:00:00,Wednesday,7,19,20,31,39,44,5
2874,2023-07-08 00:00:00,Saturday,17,18,21,22,41,58,42
2875,2023-07-12 00:00:00,Wednesday,10,13,20,42,46,58,34
2876,2023-07-15 00:00:00,Saturday,4,16,49,52,55,56,54
2877,2023-07-19 00:00:00,Wednesday,9,21,26,39,43,44,47
2878,2023-07-22 00:00:00,Saturday,2,17,19,27,32,42,26
2879,2023-07-26 00:00:00,Wednesday,3,25,37,38,46,48,53
2880,2023-07-29 00:00:00,Saturday,13,15,22,44,46,47,35
2881,2023-08-02 00:00:00,Wednesday,23,31,33,41,43,51,20
2882,2023-08-05 00:00:00,Saturday,11,12,36,43,54,55,19
2883,2023-08-09 00:00:00,Wednesday,7,9,17,31,47,48,52
2884,2023-08-12 00:00:00,Saturday,12,22,36,42,44,49,6
2885,2023-08-16 00:00:00,Wednesday,15,20,23,27,48,59,51
2886,2023-08-19 00:00:00,Saturday,17,19,22,24,38,57,30
2887,2023-08-23 00:00:00,Wednesday,4,8,31,38,41,55,54
2888,2023-08-26 00:00:00,Saturday,5,8,13,31,33,40,44
2889,2023-08-30 00:00:00,Wednesday,4,10,20,25,27,34,9
2890,2023-09-02 00:00:00,Saturday,10,13,22,27,30,37,21
2891,2023-09-06 00:00:00,Wednesday,6,12,32,46,50,56,22
2892,2023-09-09 00:00:00,Saturday,1,4,12,21,41,59,29
2893,2023-09-13 00:00:00,Wednesday,11,14,18,37,49,50,57
2894,2023-09-16 00:00:00,Saturday,6,11,32,49,50,51,9
2895,2023-09-20 00:00:00,Wednesday,26,28,40,41,56,58,31
2896,2023-09-23 00:00:00,Saturday,1,3,13,25,35,47,24
2897,2023-09-27 00:00:00,Wednesday,1,21,34,49,54,58,13
2898,2023-09-30 00:00:00,Saturday,1,2,16,41,44,47,15
2899,2023-10-04 00:00:00,Wednesday,7,9,20,23,45,57,25
2900,2023-10-07 00:00:00,Saturday,5,11,20,33,38,53,3
2901,2023-10-11 00:00:00,Wednesday,19,20,30,34,39,47,55
2902,2023-10-14 00:00:00,Saturday,9,22,28,44,57,59,32
2903,2023-10-18 00:00:00,Wednesday,11,13,23,26,49,52,2
2904,2023-10-21 00:00:00,Saturday,9,14,15,47,57,59,2
2905,2023-10-25 00:00:00,Wednesday,8,11,24,33,38,46,42
2906,2023-10-28 00:00:00,Saturday,3,17,25,41,50,51,35
2907,2023-11-01 00:00:00,Wednesday,4,7,39,40,43,58,42
2908,2023-11-04 00:00:00,Saturday,2,4,8,27,45,54,29
2909,2023-11-08 00:00:00,Wednesday,8,17,25,31,36,45,10
2910,2023-11-11 00:00:00,Saturday,1,14,20,41,44,45,27
2911,2023-11-15 00:00:00,Wednesday,7,18,34,40,43,59,39
2912,2023-11-18 00:00:00,Saturday,7,9,27,33,45,54,47
2913,2023-11-22 00:00:00,Wednesday,7,8,19,40,51,58,32
2914,2023-11-25 00:00:00,Saturday,13,17,39,50,54,59,34
2915,2023-11-29 00:00:00,Wednesday,11,13,19,23,27,46,3
2916,2023-12-02 00:00:00,Saturday,14,22,31,32,36,45,16
2917,2023-12-06 00:00:00,Wednesday,1,6,8,43,54,59,37
2918,2023-12-09 00:00:00,Saturday,6,10,32,33,43,50,5
2919,2023-12-13 00:00:00,Wednesday,7,15,17,42,47,59,30
2920,2023-12-16 00:00:00,Saturday,4,7,17,19,30,53,12
2921,2023-12-20 00:00:00,Wednesday,3,19,24,52,55,56,44
2922,2023-12-23 00:00:00,Saturday,7,8,21,28,48,49,3
2923,2023-12-27 00:00:00,Wednesday,1,9,11,42,43,55,22
2924,2023-12-30 00:00:00,Saturday,18,23,29,40,47,58,6
2925,2024-01-03 00:00:00,Wednesday,8,12,22,24,26,53,54
2926,2024-01-06 00:00:00,Saturday,18,25,30,31,45,54,52
2927,2024-01-10 00:00:00,Wednesday,8,11,27,42,52,57,9
2928,2024-01-13 00:00:00,Saturday,4,7,11,45,47,55,27
2929,2024-01-17 00:00:00,Wednesday,31,37,38,44,52,59,29
2930,2024-01-20 00:00:00,Saturday,12,23,25,40,50,58,2
2931,2024-01-24 00:00:00,Wednesday,9,44,47,54,56,57,31
2932,2024-01-27 00:00:00,Saturday,3,8,27,29,32,59,5
2933,2024-01-31 00:00:00,Wednesday,1,17,21,42,44,46,34
2934,2024-02-03 00:00:00,Saturday,15,37,47,48,50,57,43
2935,2024-02-07 00:00:00,Wednesday,22,34,45,55,56,57,40
2936,2024-02-10 00:00:00,Saturday,7,16,28,31,43,47,23
2937,2024-02-14 00:00:00,Wednesday,10,25,42,43,44,54,53
2938,2024-02-17 00:00:00,Saturday,1,4,36,40,42,58,11
2939,2024-02-21 00:00:00,Wednesday,11,31,32,33,55,58,5
2940,2024-02-24 00:00:00,Saturday,16,18,21,22,32,49,4
2941,2024-02-28 00:00:00,Wednesday,15,25,26,33,36,42,53
2942,2024-03-02 00:00:00,Saturday,6,16,29,30,37,52,56
2943,2024-03-06 00:00:00,Wednesday,6,8,21,29,32,55,57
2944,2024-03-09 00:00:00,Saturday,2,7,26,27,42,48,3
2945,2024-03-13 00:00:00,Wednesday,1,6,36,51,53,59,39
2946,2024-03-16 00:00:00,Saturday,14,20,33,36,40,41,42
2947,2024-03-20 00:00:00,Wednesday,4,22,24,30,43,53,55
2948,2024-03-23 00:00:00,Saturday,15,22,30,36,50,55,40
2949,2024-03-27 00:00:00,Wednesday,24,31,39,43,46,57,29
2950,2024-03-30 00:00:00,Saturday,1,7,8,15,43,49,22
2951,2024-04-03 00:00:00,Wednesday,19,23,36,41,52,54,34
2952,2024-04-06 00:00:00,Saturday,3,7,11,24,32,45,9
2953,2024-04-10 00:00:00,Wednesday,7,27,46,47,48,53,17
2954,2024-04-13 00:00:00,Saturday,8,13,26,40,55,58,14
2955,2024-04-17 00:00:00,Wednesday,13,22,30,46,51,53,7
2956,2024-04-20 00:00:00,Saturday,3,27,41,44,49,54,38
2957,2024-04-24 00:00:00,Wednesday,8,29,30,38,43,50,33
2958,2024-04-27 00:00:00,Saturday,1,4,9,32,34,48,36
2959,2024-05-01 00:00:00,Wednesday,28,31,33,38,50,54,12
2960,2024-05-04 00:00:00,Saturday,9,12,38,45,47,53,7
2961,2024-05-08 00:00:00,Wednesday,21,25,33,39,43,57,59
2962,2024-05-11 00:00:00,Saturday,16,18,27,39,45,49,26
2963,2024-05-15 00:00:00,Wednesday,9,19,22,29,52,55,27
2964,2024-05-18 00:00:00,Saturday,20,33,39,45,48,57,58
2965,2024-05-22 00:00:00,Wednesday,21,36,46,48,56,59,41
2966,2024-05-25 00:00:00,Saturday,13,14,19,40,46,59,44
2967,2024-05-29 00:00:00,Wednesday,9,12,23,42,44,46,33
2968,2024-06-01 00:00:00,Saturday,8,21,35,41,45,46,49
2969,2024-06-05 00:00:00,Wednesday,23,31,36,37,38,43,46
2970,2024-06-08 00:00:00,Saturday,19,27,35,44,48,54,28
2971,2024-06-12 00:00:00,Wednesday,1,2,7,25,34,52,10
2972,2024-06-15 00:00:00,Saturday,4,13,18,43,49,59,51
2973,2024-06-19 00:00:00,Wednesday,10,11,17,19,44,54,4
2974,2024-06-22 00:00:00,Saturday,14,19,35,45,49,51,3
2975,2024-06-26 00:00:00,Wednesday,7,23,29,40,44,53,48
2976,2024-06-29 00:00:00,Saturday,15,36,42,48,56,59,25
2977,2024-07-03 00:00:00,Wednesday,16,33,45,51,52,57,19
2978,2024-07-06 00:00:00,Saturday,4,25,27,43,45,56,51
2979,2024-07-10 00:00:00,Wednesday,1,4,21,36,44,48,17
2980,2024-07-13 00:00:00,Saturday,13,29,40,50,54,56,15
2981,2024-07-17 00:00:00,Wednesday,24,41,42,46,57,59,49
2982,2024-07-20 00:00:00,Saturday,13,35,38,39,48,50,47
2983,2024-07-24 00:00:00,Wednesday,5,12,13,19,29,44,56
2984,2024-07-27 00:00:00,Saturday,3,8,12,25,33,48,28
2985,2024-07-31 00:00:00,Wednesday,9,11,17,18,36,38,57
2986,2024-08-03 00:00:00,Saturday,1,3,10,22,30,46,55
2987,2024-08-07 00:00:00,Wednesday,4,21,39,40,41,50,43
2988,2024-08-10 00:00:00,Saturday,20,23,32,36,37,51,5
2989,2024-08-14 00:00:00,Wednesday,12,15,21,34,46,51,56
2990,2024-08-17 00:00:00,Saturday,5,11,27,33,35,51,54
2991,2024-08-21 00:00:00,Wednesday,6,14,15,23,26,43,22
2992,2024-08-24 00:00:00,Saturday,14,19,22,24,40,49,34
2993,2024-08-28 00:00:00,Wednesday,1,31,36,42,49,53,8
2994,2024-08-31 00:00:00,Saturday,16,23,29,40,42,43,54
2995,2024-09-04 00:00:00,Wednesday,3,16,21,25,44,51,8
2996,2024-09-07 00:00:00,Saturday,2,17,19,25,35,47,34
2997,2024-09-11 00:00:00,Wednesday,24,33,50,52,53,56,29
2998,2024-09-14 00:00:00,Saturday,3,13,19,21,32,42,33
2999,2024-09-18 00:00:00,Wednesday,6,7,11,35,50,55,1
3000,2024-09-21 00:00:00,Saturday,5,14,41,43,50,59,57
3001,2024-09-25 00:00:00,Wednesday,7,14,28,44,54,56,35
3002,2024-09-28 00:00:00,Saturday,28,45,48,50,54,57,42
3003,2024-10-02 00:00:00,Wednesday,2,5,10,44,48,53,30
3004,2024-10-05 00:00:00,Saturday,3,4,5,6,22,46,12
3005,2024-10-09 00:00:00,Wednesday,5,17,36,37,51,53,15
3006,2024-10-12 00:00:00,Saturday,17,25,27,29,41,59,26
3007,2024-10-16 00:00:00,Wednesday,2,8,21,25,28,44,35
3008,2024-10-19 00:00:00,Saturday,1,5,40,42,47,49,48
3009,2024-10-23 00:00:00,Wednesday,3,5,23,38,45,55,33
3010,2024-10-26 00:00:00,Saturday,7,19,20,39,44,51,6
3011,2024-10-30 00:00:00,Wednesday,19,25,26,29,49,53,43
3012,2024-11-02 00:00:00,Saturday,2,9,11,15,31,35,48
3013,2024-11-06 00:00:00,Wednesday,19,26,35,51,52,55,41
3014,2024-11-09 00:00:00,Saturday,10,20,42,44,47,51,24
3015,2024-11-13 00:00:00,Wednesday,1,8,10,36,56,58,3
3016,2024-11-16 00:00:00,Saturday,1,26,35,36,37,39,6
3017,2024-11-20 00:00:00,Wednesday,14,20,23,47,48,57,58
3018,2024-11-23 00:00:00,Saturday,10,27,33,42,55,58,11
3019,2024-11-27 00:00:00,Wednesday,12,13,15,17,40,54,8
3020,2024-11-30 00:00:00,Saturday,4,12,37,43,52,55,49
3021,2024-12-04 00:00:00,Wednesday,5,19,30,36,42,59,43
3022,2024-12-07 00:00:00,Saturday,5,7,13,17,38,47,32
3023,2024-12-11 00:00:00,Wednesday,9,16,22,23,42,43,7
3024,2024-12-14 00:00:00,Saturday,5,13,19,21,32,40,29
3025,2024-12-18 00:00:00,Wednesday,20,22,38,40,43,45,10
3026,2024-12-21 00:00:00,Saturday,21,24,28,37,52,59,11
3027,2024-12-25 00:00:00,Wednesday,1,15,16,21,46,51,48
3028,2024-12-28 00:00:00,Saturday,9,18,24,28,42,54,44
3029,2025-01-01 00:00:00,Wednesday,22,29,30,31,47,57,23
3030,2025-01-04 00:00:00,Saturday,7,12,20,32,36,50,42
3031,2025-01-08 00:00:00,Wednesday,6,18,39,53,54,55,9
3032,2025-01-11 00:00:00,Saturday,13,17,35,41,47,58,5
3033,2025-01-15 00:00:00,Wednesday,2,5,33,41,47,55,57
3034,2025-01-18 00:00:00,Saturday,26,38,50,53,57,58,14
3035,2025-01-22 00:00:00,Wednesday,3,17,35,36,55,59,31
3036,2025-01-25 00:00:00,Saturday,10,15,24,26,42,50,58
3037,2025-01-29 00:00:00,Wednesday,9,19,30,38,47,55,33
3038,2025-02-01 00:00:00,Saturday,1,6,24,26,33,59,43
3039,2025-02-05 00:00:00,Wednesday,11,16,40,44,52,55,49
3040,2025-02-08 00:00:00,Saturday,9,11,12,29,33,37,54
3041,2025-02-12 00:00:00,Wednesday,10,31,43,47,48,56,23
3042,2025-02-15 00:00:00,Saturday,3,5,15,32,49,58,17
3043,2025-02-19 00:00:00,Wednesday,3,14,15,24,34,43,51
3044,2025-02-22 00:00:00,Saturday,3,24,25,30,31,55,42
3045,2025-02-26 00:00:00,Wednesday,7,21,34,41,46,54,18
3046,2025-03-01 00:00:00,Saturday,17,35,37,38,48,54,12
3047,2025-03-05 00:00:00,Wednesday,24,25,38,42,58,59,5
3048,2025-03-08 00:00:00,Saturday,15,17,25,26,34,59,23
3049,2025-03-12 00:00:00,Wednesday,23,31,32,51,53,56,39
3050,2025-03-15 00:00:00,Saturday,1,9,11,29,33,57,15
3051,2025-03-19 00:00:00,Wednesday,5,10,14,18,33,42,12
3052,2025-03-22 00:00:00,Saturday,8,11,24,39,46,53,43
3053,2025-03-26 00:00:00,Wednesday,8,15,22,27,47,52,31
3054,2025-03-29 00:00:00,Saturday,11,14,31,38,44,58,42
3055,2025-04-02 00:00:00,Wednesday,2,3,9,16,27,54,37
3056,2025-04-05 00:00:00,Saturday,3,9,11,33,38,41,37
3057,2025-04-09 00:00:00,Wednesday,4,10,11,12,17,34,26
3058,2025-04-12 00:00:00,Saturday,2,37,39,41,47,55,43
3059,2025-04-16 00:00:00,Wednesday,6,14,19,29,39,53,31
3060,2025-04-19 00:00:00,Saturday,11,15,27,31,54,56,39
3061,2025-04-23 00:00:00,Wednesday,10,12,38,50,51,53,40
3062,2025-04-26 00:00:00,Saturday,11,17,33,43,44,47,22
3063,2025-04-30 00:00:00,Wednesday,5,15,25,30,38,39,54
3064,2025-05-03 00:00:00,Saturday,2,7,9,13,33,34,44
3065,2025-05-07 00:00:00,Wednesday,7,10,12,27,39,53,31
3066,2025-05-10 00:00:00,Saturday,3,35,39,40,51,58,33
3067,2025-05-14 00:00:00,Wednesday,6,8,9,31,43,49,39
3068,2025-05-17 00:00:00,Saturday,1,35,42,44,50,53,28
3069,2025-05-21 00:00:00,Wednesday,3,24,27,34,45,56,59
3070,2025-05-24 00:00:00,Saturday,15,28,31,50,51,52,25
3071,2025-05-28 00:00:00,Wednesday,23,38,48,49,52,54,45
3072,2025-05-31 00:00:00,Saturday,7,9,17,28,31,37,50
3073,2025-06-04 00:00:00,Wednesday,6,15,19,35,39,55,27
3074,2025-06-07 00:00:00,Saturday,1,13,17,46,48,51,57
3075,2025-06-11 00:00:00,Wednesday,1,8,25,34,37,58,42
3076,2025-06-14 00:00:00,Saturday,14,21,24,27,45,52,7
3077,2025-06-18 00:00:00,Wednesday,10,17,28,38,42,55,35
3078,2025-06-21 00:00:00,Saturday,18,24,28,37,40,44,26
3079,2025-06-25 00:00:00,Wednesday,14,27,36,49,51,56,31
3080,2025-06-28 00:00:00,Saturday,12,17,24,31,36,57,20
3081,2025-07-02 00:00:00,Wednesday,23,26,37,46,48,50,9
3082,2025-07-05 00:00:00,Saturday,8,15,43,48,55,56,29
3083,2025-07-09 00:00:00,Wednesday,7,11,14,33,45,51,26
3084,2025-07-12 00:00:00,Saturday,22,36,40,45,51,52,44
3085,2025-07-16 00:00:00,Wednesday,1,4,11,25,41,46,52
3086,2025-07-19 00:00:00,Saturday,6,10,28,31,39,53,59
3087,2025-07-23 00:00:00,Wednesday,5,6,15,17,24,39,3
3088,2025-07-26 00:00:00,Saturday,25,26,34,40,42,47,19
3089,2025-07-30 00:00:00,Wednesday,4,12,39,46,50,53,41
3090,2025-08-02 00:00:00,Saturday,1,13,29,32,43,55,52
3091,2025-08-06 00:00:00,Wednesday,3,13,19,34,39,51,33
3092,2025-08-09 00:00:00,Saturday,11,15,34,40,44,45,3
3093,2025-08-13 00:00:00,Wednesday,1,6,11,16,24,42,18
3094,2025-08-16 00:00:00,Saturday,23,26,43,50,55,58,38
3095,2025-08-20 00:00:00,Wednesday,1,5,13,34,46,48,6
3096,2025-08-23 00:00:00,Saturday,19,36,38,47,54,59,23
3097,2025-08-27 00:00:00,Wednesday,13,15,18,23,39,53,30
3098,2025-08-30 00:00:00,Saturday,1,12,17,26,27,37,33
3099,2025-09-03 00:00:00,Wednesday,5,7,19,22,33,36,8
3100,2025-09-06 00:00:00,Saturday,17,33,35,51,52,53,37
3101,2025-09-10 00:00:00,Wednesday,17,25,29,31,37,45,50
3102,2025-09-13 00:00:00,Saturday,16,22,30,44,49,50,55
3103,2025-09-17 00:00:00,Wednesday,2,8,31,38,56,58,17
3104,2025-09-20 00:00:00,Saturday,5,15,25,41,44,51,45
3105,2025-09-24 00:00:00,Wednesday,15,21,23,27,34,52,35
3106,2025-09-27 00:00:00,Saturday,1,16,17,19,45,54,6
3107,2025-10-01 00:00:00,Wednesday,5,22,26,44,48,53,36
3108,2025-10-04 00:00:00,Saturday,12,14,21,23,31,37,18
3109,2025-10-08 00:00:00,Wednesday,12,13,32,44,48,58,56
3110,2025-10-11 00:00:00,Saturday,14,16,17,48,56,59,15
3111,2025-10-15 00:00:00,Wednesday,13,16,23,40,54,58,10
3112,2025-10-18 00:00:00,Saturday,6,7,8,43,44,50,32
3113,2025-10-22 00:00:00,Wednesday,1,3,35,40,49,55,31
3114,2025-10-25 00:00:00,Saturday,18,21,24,32,37,40,56
3115,2025-10-29 00:00:00,Wednesday,12,15,18,26,33,49,58
3116,2025-11-01 00:00:00,Saturday,4,9,28,34,37,52,31
3117,2025-11-05 00:00:00,Wednesday,3,23,26,33,35,44,50
3118,2025-11-08 00:00:00,Saturday,8,12,30,34,45,58,21
3119,2025-11-12 00:00:00,Wednesday,1,14,25,44,45,58,38
3120,2025-11-15 00:00:00,Saturday,7,12,17,21,24,40,36
3121,2025-11-19 00:00:00,Wednesday,16,17,18,22,31,40,24
3122,2025-11-22 00:00:00,Saturday,12,14,27,28,32,45,49
3123,2025-11-26 00:00:00,Wednesday,18,24,26,29,55,59,12
3124,2025-11-29 00:00:00,Saturday,9,15,37,44,53,59,7
3125,2025-12-03 00:00:00,Wednesday,16,18,28,36,47,52,25
3126,2025-12-06 00:00:00,Saturday,10,13,31,48,52,58,57
3127,2025-12-10 00:00:00,Wednesday,1,9,12,27,32,41,34
3128,2025-12-13 00:00:00,Saturday,20,21,32,35,47,51,17
3129,2025-12-17 00:00:00,Wednesday,4,7,26,36,37,55,45
3130,2025-12-20 00:00:00,Saturday,4,11,14,17,31,53,41
3131,2025-12-24 00:00:00,Wednesday,7,17,22,24,29,48,54
3132,2025-12-27 00:00:00,Saturday,2,17,23,36,52,59,27
3133,2025-12-31 00:00:00,Wednesday,8,13,23,39,44,56,37
3134,2026-01-03 00:00:00,Saturday,12,35,37,42,50,58,19
3135,2026-01-07 00:00:00,Wednesday,21,23,32,33,44,50,48
3136,2026-01-10 00:00:00,Saturday,6,19,25,29,40,57,30
3137,2026-01-14 00:00:00,Wednesday,10,11,41,52,56,59,22
3138,2026-01-17 00:00:00,Saturday,5,26,27,37,40,41,6
3139,2026-01-21 00:00:00,Wednesday,11,15,21,22,42,56,19
3140,2026-01-24 00:00:00,Saturday,18,26,39,42,46,58,29
3141,2026-01-28 00:00:00,Wednesday,24,34,38,48,50,56,29
3142,2026-01-31 00:00:00,Saturday,2,9,11,12,27,55,47
3143,2026-02-04 00:00:00,Wednesday,16,17,43,45,48,56,6
3144,2026-02-07 00:00:00,Saturday,5,7,11,14,26,56,31
3145,2026-02-11 00:00:00,Wednesday,2,4,26,34,36,50,49
3146,2026-02-14 00:00:00,Saturday,6,7,10,17,40,59,42
3147,2026-02-18 00:00:00,Wednesday,15,16,20,25,48,57,19
3148,2026-02-21 00:00:00,Saturday,9,29,34,41,54,57,11
3149,2026-02-25 00:00:00,Wednesday,2,3,21,23,31,43,30
3150,2026-02-28 00:00:00,Saturday,9,18,29,35,36,56,45
3151,2026-03-04 00:00:00,Wednesday,12,30,35,38,39,41,48
3152,2026-03-07 00:00:00,Saturday,28,34,37,41,57,59,54
3153,2026-03-11 00:00:00,Wednesday,15,20,23,31,35,59,52
3154,2026-03-14 00:00:00,Saturday,6,17,20,24,27,29,10
3155,2026-03-18 00:00:00,Wednesday,1,20,34,49,53,58,9
3156,2026-03-21 00:00:00,Saturday,1,19,23,31,35,45,32
3157,2026-03-25 00:00:00,Wednesday,1,20,28,31,49,50,52
3158,2026-03-28 00:00:00,Saturday,1,15,19,36,39,51,24
3159,2026-04-01 00:00:00,Wednesday,13,26,27,28,36,57,16
3160,2026-04-04 00:00:00,Saturday,11,25,42,46,48,54,55
3161,2026-04-08 00:00:00,Wednesday,6,15,16,17,28,41,34
3162,2026-04-11 00:00:00,Saturday,40,44,45,49,52,58,18
3163,2026-04-15 00:00:00,Wednesday,18,19,35,42,48,52,27
3164,2026-04-18 00:00:00,Saturday,5,9,12,13,19,55,8
3165,2026-04-22 00:00:00,Wednesday,18,29,30,40,41,45,57
3166,2026-04-25 00:00:00,Saturday,2,4,10,13,21,32,35
3167,2026-04-29 00:00:00,Wednesday,2,7,9,12,18,19,46
3168,2026-05-02 00:00:00,Saturday,1,6,10,15,29,47,57
3169,2026-05-06 00:00:00,Wednesday,14,20,22,27,32,51,52
3170,2026-05-09 00:00:00,Saturday,3,24,30,32,45,51,22
3171,2026-05-13 00:00:00,Wednesday,4,6,10,18,49,54,50
3172,2026-05-16 00:00:00,Saturday,5,12,13,26,31,35,17
3173,2026-05-20 00:00:00,Wednesday,1,8,25,50,53,54,46
3174,2026-05-23 00:00:00,Saturday,16,25,29,48,50,59,3
3175,2026-05-27 00:00:00,Wednesday,7,13,30,34,48,50,43
3176,2026-05-30 00:00:00,Saturday,14,20,21,25,31,44,11
3177,2026-06-03 00:00:00,Wednesday,3,34,36,41,47,48,8
3178,2026-06-06 00:00:00,Saturday,13,17,20,24,31,41,4
3179,2026-06-10 00:00:00,Wednesday,8,14,16,41,43,56,28
3180,2026-06-13 00:00:00,Saturday,1,11,18,21,38,51,8
3181,2026-06-17 00:00:00,Wednesday,1,3,16,26,38,51,58
3182,2026-06-20 00:00:00,Saturday,10,24,31,39,45,59,50
3183,2026-06-24 00:00:00,Wednesday,6,11,16,32,44,59,40
3184,2026-06-27 00:00:00,Saturday,4,22,23,41,49,56,42
3185,2026-07-01 00:00:00,Wednesday,7,9,10,35,45,51,32
3186,2026-07-04 00:00:00,Saturday,15,21,36,42,49,51,23
3187,2026-07-08 00:00:00,Wednesday,2,13,29,47,52,58,45
3188,2026-07-11 00:00:00,Saturday,3,9,17,23,25,47,32
3189,2026-07-15 00:00:00,Wednesday,19,29,35,36,45,46,32
3190,2026-07-18 00:00:00,Saturday,12,13,21,23,35,37,47
3191,2026-07-22 00:00:00,Wednesday,18,30,36,39,54,56,11
3192,2026-07-25 00:00:00,Saturday,5,10,19,29,34,53,17
3193,2026-07-29 00:00:00,Wednesday,1,24,30,35,41,50,33
3194,2026-08-01 00:00:00,Saturday,2,12,24,25,40,47,50
3195,2026-08-05 00:00:00,Wednesday,5,16,21,40,43,47,35
3196,2026-08-08,Saturday,9,16,19,23,51,53,41
3197,2026-08-12,Wednesday,1,23,28,37,50,53,15
3198,2026-08-15,Saturday,3,14,23,24,33,45,18
3199,2026-08-19,Wednesday,2,12,28,31,35,51,29
